-- phpMyAdmin SQL Dump
-- version 4.8.0.1
-- https://www.phpmyadmin.net/
--
-- Servidor: 127.0.0.1
-- Tiempo de generación: 01-08-2018 a las 11:51:56
-- Versión del servidor: 10.1.32-MariaDB
-- Versión de PHP: 7.2.5

SET SQL_MODE = "NO_AUTO_VALUE_ON_ZERO";
SET AUTOCOMMIT = 0;
START TRANSACTION;
SET time_zone = "+00:00";


/*!40101 SET @OLD_CHARACTER_SET_CLIENT=@@CHARACTER_SET_CLIENT */;
/*!40101 SET @OLD_CHARACTER_SET_RESULTS=@@CHARACTER_SET_RESULTS */;
/*!40101 SET @OLD_COLLATION_CONNECTION=@@COLLATION_CONNECTION */;
/*!40101 SET NAMES utf8mb4 */;

--
-- Base de datos: `instituto`
--

DELIMITER $$
--
-- Procedimientos
--
CREATE DEFINER=`root`@`localhost` PROCEDURE `ActualizarCalificacion` (IN `EP` VARCHAR(2), IN `EF` VARCHAR(2), IN `PF` VARCHAR(2), IN `COD_ALU` INT, IN `COD_MOD` CHAR(8))  BEGIN
	UPDATE CALIFICACION SET NOTA_PARCIAL=EP,NOTA_FINAL=EF,PROMEDIO_FINAL=PF
    WHERE COD_ALUMNO=COD_ALU AND COD_MODULO=COD_MOD;
END$$

CREATE DEFINER=`root`@`localhost` PROCEDURE `ActualizarContraseña` (IN `CONT` VARCHAR(50), IN `COD_USU` INT)  BEGIN
	UPDATE USUARIO SET CONTRASEÑA=CONT WHERE COD_USUARIO=COD_USU;
END$$

CREATE DEFINER=`root`@`localhost` PROCEDURE `ActualizarUsuario` (IN `NOMUSU` VARCHAR(50), IN `NOM1` VARCHAR(50), IN `NOM2` VARCHAR(50), IN `APEPA` VARCHAR(50), IN `APEMA` VARCHAR(50), IN `CORRE` VARCHAR(50), IN `TEL` VARCHAR(13), IN `SEX` VARCHAR(9), IN `COD_USU` INT)  BEGIN
	UPDATE USUARIO SET NOMBRE=NOMUSU, PRIMER_NOMBRE=NOM1, SEGUNDO_NOMBRE=NOM2, APELLIDO_PATERNO=APEPA, 
    APELLIDO_MATERNO=APEMA, CORREO=CORRE, TELEFONO=TEL, SEXO=SEX
    WHERE COD_USUARIO=COD_USU ;
END$$

CREATE DEFINER=`root`@`localhost` PROCEDURE `CantidadAlumnosXAula` (IN `NUMAULA` VARCHAR(5))  BEGIN
	SELECT COUNT(COD_ALUMNO) FROM MATRICULA WHERE NUM_AULA=NUMAULA;
END$$

CREATE DEFINER=`root`@`localhost` PROCEDURE `CapturarCodigoAlumno` (IN `DN` INT)  BEGIN
	SELECT COD_ALUMNO FROM ALUMNO WHERE DNI=DN;
END$$

CREATE DEFINER=`root`@`localhost` PROCEDURE `capturarCodigoCiclo` ()  BEGIN
	SELECT MAX(COD_CICLO)+1 FROM CICLO;
END$$

CREATE DEFINER=`root`@`localhost` PROCEDURE `capturarCodigoCicloXNombre` (IN `NUMCIC` INT)  BEGIN
	SELECT COD_CICLO FROM CICLO WHERE NUMERO_CICLO=NUMCIC;
END$$

CREATE DEFINER=`root`@`localhost` PROCEDURE `CapturarCodigoDocente` (IN `DN` INT)  BEGIN
	SELECT COD_DOCENTE FROM DOCENTE WHERE DNI=DN;
END$$

CREATE DEFINER=`root`@`localhost` PROCEDURE `capturarCodigoEstudiante` ()  BEGIN
	SELECT MAX(COD_ALUMNO)+1 FROM ALUMNO;
END$$

CREATE DEFINER=`root`@`localhost` PROCEDURE `capturarCodigoMateria` ()  BEGIN
	SELECT MAX(COD_MATERIA)+1 FROM MATERIA;
END$$

CREATE DEFINER=`root`@`localhost` PROCEDURE `capturarCodigoMateriaXNombre` (IN `NOM_MAT` VARCHAR(50))  BEGIN
	SELECT COD_MATERIA FROM MATERIA WHERE NOMBRE=NOM_MAT ;
END$$

CREATE DEFINER=`root`@`localhost` PROCEDURE `capturarCodigoModulo` (IN `COD_NIV` INT, IN `COD_CIC` INT, IN `COD_MAT` INT, IN `COD_DOC` INT, IN `NUMAULA` VARCHAR(5))  BEGIN
	SELECT DISTINCT CAL.COD_MODULO 
    FROM ALUMNO ALU INNER JOIN PERSONA PE  
    ON ALU.DNI=PE.DNI 
    INNER JOIN CALIFICACION CAL 
    ON CAL.COD_ALUMNO=ALU.COD_ALUMNO 
    INNER JOIN MODULO MO 
    ON MO.COD_MODULO=CAL.COD_MODULO 
    INNER JOIN AULA AU 
    ON AU.COD_MODULO=MO.COD_MODULO 
    INNER JOIN MATRICULA MAT 
    ON MAT.NUM_AULA=AU.NUM_AULA AND ALU.COD_ALUMNO=MAT.COD_ALUMNO 
    WHERE MO.COD_NIVEL=COD_NIV AND MO.COD_CICLO=COD_CIC 
    AND MO.COD_MATERIA=COD_MAT AND AU.COD_DOCENTE=COD_DOC AND AU.NUM_AULA=NUMAULA ;
END$$

CREATE DEFINER=`root`@`localhost` PROCEDURE `capturarCodigoModuloXMatNivCic` (IN `COD_MAT` INT, IN `COD_NIV` INT, IN `COD_CIC` INT)  BEGIN
	SELECT COD_MODULO FROM MODULO WHERE COD_MATERIA=COD_MAT AND COD_NIVEL=COD_NIV AND COD_CICLO=COD_CIC ;
END$$

CREATE DEFINER=`root`@`localhost` PROCEDURE `capturarCodigoNivel` ()  BEGIN
	SELECT MAX(COD_NIVEL)+1 FROM NIVEL;
END$$

CREATE DEFINER=`root`@`localhost` PROCEDURE `capturarCodigoNivelXNombre` (IN `NOM_NIV` VARCHAR(10))  BEGIN
	SELECT COD_NIVEL FROM NIVEL WHERE NOMBRE=NOM_NIV;
END$$

CREATE DEFINER=`root`@`localhost` PROCEDURE `capturarCodigoUsuario` ()  BEGIN
	SELECT MAX(COD_USUARIO)+1 FROM USUARIO;
END$$

CREATE DEFINER=`root`@`localhost` PROCEDURE `CapturarDNIAlumno` (IN `COD_ALU` INT)  BEGIN
	SELECT DNI FROM ALUMNO WHERE COD_ALUMNO=COD_ALU;
END$$

CREATE DEFINER=`root`@`localhost` PROCEDURE `CapturarDNIDocente` (IN `COD_DOC` INT)  BEGIN
	SELECT DNI FROM DOCENTE WHERE COD_DOCENTE=COD_DOC;
END$$

CREATE DEFINER=`root`@`localhost` PROCEDURE `CapturarDNIPersonal` (IN `COD_PERS` INT)  BEGIN
	SELECT DNI FROM PERSONAL WHERE COD_PERSONAL=COD_PERS;
END$$

CREATE DEFINER=`root`@`localhost` PROCEDURE `capturarDNIUsuario` (IN `COD_USU` INT)  BEGIN 
	SELECT DNI FROM USUARIO WHERE COD_USUARIO=COD_USU ;
END$$

CREATE DEFINER=`root`@`localhost` PROCEDURE `capturarNombreCiclo` (IN `COD_CIC` INT)  BEGIN
	SELECT NUMERO_CICLO FROM CICLO WHERE COD_CICLO=COD_CIC;
END$$

CREATE DEFINER=`root`@`localhost` PROCEDURE `capturarNombreDocente` (IN `COD_DOC` INT)  BEGIN
	SELECT DISTINCT PE.NOMBRE,PE.APELLIDO_PATERNO 
    FROM PERSONA PE INNER JOIN DOCENTE DOC 
    ON PE.DNI=DOC.DNI 
    WHERE DOC.COD_DOCENTE=COD_DOC ;
END$$

CREATE DEFINER=`root`@`localhost` PROCEDURE `capturarNombreMateria` (IN `COD_MAT` INT)  BEGIN
	SELECT NOMBRE FROM MATERIA WHERE COD_MATERIA=COD_MAT ;
END$$

CREATE DEFINER=`root`@`localhost` PROCEDURE `capturarNombreNivel` (IN `COD_NIV` INT)  BEGIN
	SELECT NOMBRE FROM NIVEL WHERE COD_NIVEL=COD_NIV ;
END$$

CREATE DEFINER=`root`@`localhost` PROCEDURE `capturarUsuario` ()  BEGIN
	SELECT NOMBRE FROM USUARIO;
END$$

CREATE DEFINER=`root`@`localhost` PROCEDURE `ConfirmacionCuenta` (IN `NOMUSU` VARCHAR(50), IN `CONT` VARCHAR(50), IN `TIP` VARCHAR(30))  BEGIN
	SELECT NOMBRE,CONTRASEÑA FROM USUARIO WHERE NOMBRE=NOMUSU AND CONTRASEÑA=CONT AND TIPO=TIP;
END$$

CREATE DEFINER=`root`@`localhost` PROCEDURE `confirmarUsuarioContraseñaxCodigo` (IN `COD_USU` INT)  BEGIN
	SELECT CONTRASEÑA FROM USUARIO WHERE COD_USUARIO=COD_USU;
END$$

CREATE DEFINER=`root`@`localhost` PROCEDURE `ConsultaAlumno` (IN `COD_ALU` INT)  BEGIN
	SELECT COD_ALUMNO FROM ALUMNO WHERE COD_ALUMNO=COD_ALU;
END$$

CREATE DEFINER=`root`@`localhost` PROCEDURE `ConsultaCodigoDocente` (IN `COD_DOC` INT)  BEGIN
	SELECT COD_DOCENTE FROM DOCENTE WHERE COD_DOCENTE=COD_DOC;
END$$

CREATE DEFINER=`root`@`localhost` PROCEDURE `ConsultaDocenteXDNI` (IN `DN` INT)  BEGIN
	SELECT COD_DOCENTE FROM DOCENTE WHERE DNI=DN;
END$$

CREATE DEFINER=`root`@`localhost` PROCEDURE `ConsultaExistenciaXDNI` (IN `DN` INT)  BEGIN
	SELECT DNI FROM PERSONA WHERE DNI=DN;
END$$

CREATE DEFINER=`root`@`localhost` PROCEDURE `ConsultaPersonal` (IN `COD_PERS` INT)  BEGIN 
	SELECT COD_PERSONAL FROM PERSONAL WHERE COD_PERSONAL=COD_PERS;
END$$

CREATE DEFINER=`root`@`localhost` PROCEDURE `ConsultarCargos` (IN `DN` INT)  BEGIN
	SELECT COD_PERSONAL FROM PERSONAL WHERE DNI=DN;
END$$

CREATE DEFINER=`root`@`localhost` PROCEDURE `ConsultarCargosDocente` (IN `DN` INT)  BEGIN
	SELECT COD_DOCENTE FROM DOCENTE WHERE DNI=DN;
END$$

CREATE DEFINER=`root`@`localhost` PROCEDURE `ConsultarCodigoUsuario` (IN `NOMUSU` VARCHAR(50))  BEGIN
	SELECT COD_USUARIO FROM USUARIO WHERE NOMBRE=NOMUSU;
END$$

CREATE DEFINER=`root`@`localhost` PROCEDURE `ConsultarCursosMatriculados` (IN `DN` INT)  BEGIN
	SELECT COD_ALUMNO FROM ALUMNO WHERE DNI=DN;
END$$

CREATE DEFINER=`root`@`localhost` PROCEDURE `ConsultarNombreUsuario` (IN `COD_USU` INT)  BEGIN
	SELECT NOMBRE FROM USUARIO WHERE COD_USUARIO=COD_USU ;
END$$

CREATE DEFINER=`root`@`localhost` PROCEDURE `ConsultaXDNIAlumno` (IN `DN` INT)  BEGIN
	SELECT COD_ALUMNO FROM ALUMNO WHERE DNI=DN;
END$$

CREATE DEFINER=`root`@`localhost` PROCEDURE `ConsultaXDNIPersonal` (IN `DN` INT)  BEGIN
	SELECT COD_PERSONAL FROM PERSONAL WHERE DNI=DN;
END$$

CREATE DEFINER=`root`@`localhost` PROCEDURE `EliminarAlumno` (IN `COD_ALU` INT)  BEGIN 
	DELETE FROM ALUMNO WHERE COD_ALUMNO=COD_ALU;
END$$

CREATE DEFINER=`root`@`localhost` PROCEDURE `EliminarAula` (IN `NUMAULA` VARCHAR(5))  BEGIN
	DELETE FROM AULA WHERE NUM_AULA=NUMAULA;
END$$

CREATE DEFINER=`root`@`localhost` PROCEDURE `EliminarDocente` (IN `COD_DOC` INT)  BEGIN
	DELETE FROM DOCENTE WHERE COD_DOCENTE=COD_DOC;
END$$

CREATE DEFINER=`root`@`localhost` PROCEDURE `EliminarModulo` (IN `COD_MOD` CHAR(8))  BEGIN
	DELETE FROM MODULO WHERE COD_MODULO=COD_MOD;
END$$

CREATE DEFINER=`root`@`localhost` PROCEDURE `EliminarPersonal` (IN `COD_PERS` INT)  BEGIN
	DELETE FROM PERSONAL WHERE COD_PERSONAL=COD_PERS;
END$$

CREATE DEFINER=`root`@`localhost` PROCEDURE `EliminarUsuario` (IN `COD_USU` INT)  BEGIN
	DELETE FROM USUARIO WHERE COD_USUARIO=COD_USU ;
END$$

CREATE DEFINER=`root`@`localhost` PROCEDURE `EliminarUsuarioXDNI` (IN `DN` INT)  BEGIN
	DELETE FROM USUARIO WHERE DNI=DN;
END$$

CREATE DEFINER=`root`@`localhost` PROCEDURE `Insertar` (IN `DN` INT, IN `NOM` VARCHAR(50), IN `CON` VARCHAR(50), IN `TIP` VARCHAR(30))  BEGIN
	INSERT INTO USUARIO(DNI,NOMBRE,CONTRASEÑA,TIPO,FECHA_REGISTRO) VALUES (DN,NOM,CON,TIP,NOW());
END$$

CREATE DEFINER=`root`@`localhost` PROCEDURE `InsertarAlumno` (IN `COD_ALU` INT, IN `DN` INT)  BEGIN
	INSERT INTO ALUMNO VALUES (COD_ALU,DN); 
END$$

CREATE DEFINER=`root`@`localhost` PROCEDURE `InsertarAula` (IN `NUMAULA` VARCHAR(5), IN `COD_DOC` INT, IN `COD_MOD` CHAR(8), IN `MODA` VARCHAR(30), IN `HORAI` TIME, IN `HORAS` TIME, IN `CUP` INT)  BEGIN 
	INSERT INTO AULA VALUES (NUMAULA,COD_DOC,COD_MOD,MODA,HORAI,HORAS,CUP);
END$$

CREATE DEFINER=`root`@`localhost` PROCEDURE `InsertarCiclo` (IN `COD_CIC` INT, IN `NUMCIC` INT)  BEGIN
	INSERT INTO CICLO VALUES (COD_CIC,NUMCIC);
END$$

CREATE DEFINER=`root`@`localhost` PROCEDURE `InsertarDocente` (IN `DN` INT)  BEGIN
	INSERT INTO DOCENTE(DNI) VALUES (DN);
END$$

CREATE DEFINER=`root`@`localhost` PROCEDURE `InsertarMateria` (IN `COD_MAT` INT, IN `NOM_MAT` VARCHAR(50))  BEGIN
	INSERT INTO MATERIA VALUES (COD_MAT,NOM_MAT); 
END$$

CREATE DEFINER=`root`@`localhost` PROCEDURE `InsertarModulo` (IN `COD_MOD` CHAR(8), IN `COD_MAT` INT, IN `COD_NIV` INT, IN `COD_CIC` INT)  BEGIN
	INSERT INTO MODULO VALUES (COD_MOD,COD_MAT,COD_NIV,COD_CIC) ;
END$$

CREATE DEFINER=`root`@`localhost` PROCEDURE `InsertarNivel` (IN `COD_NIV` INT, IN `NOM_NIV` VARCHAR(10))  BEGIN
	INSERT INTO NIVEL VALUES (COD_NIV,NOM_NIV);
END$$

CREATE DEFINER=`root`@`localhost` PROCEDURE `InsertarPersona` (IN `DN` INT, IN `COD_DIS` INT, IN `COD_PRO` INT, IN `COD_DEP` INT, IN `COD_CALLE` INT, IN `NOM` VARCHAR(50), IN `APEPA` VARCHAR(30), IN `APEMA` VARCHAR(30), IN `SEX` VARCHAR(9), IN `FECHA` DATE, IN `CORRE` VARCHAR(50), IN `TEL` VARCHAR(13), IN `NUME` INT, IN `NUMI` INT)  BEGIN
	INSERT INTO PERSONA(DNI,COD_DISTRITO,COD_PROVINCIA,COD_DEPARTAMENTO,COD_CALLE,NOMBRE, 
    APELLIDO_PATERNO,APELLIDO_MATERNO,SEXO,FECHA_NACIMIENTO,CORREO,TELEFONO,NUMEXT,NUMINT) 
    VALUES (DN,COD_DIS,COD_PRO,COD_DEP,COD_CALLE,NOM,APEPA,APEMA,SEX,FECHA,CORRE,TEL,NUME,NUMI);
END$$

CREATE DEFINER=`root`@`localhost` PROCEDURE `InsertarPersonal` (IN `DN` INT, IN `HORAI` TIME, IN `HORAS` TIME, IN `CARG` VARCHAR(50))  BEGIN
	INSERT INTO PERSONAL(DNI,HORA_INGRESO,HORA_SALIDA,CARGO) VALUES (DN,HORAI,HORAS,CARG) ;
END$$

CREATE DEFINER=`root`@`localhost` PROCEDURE `InsertarUsuario` (IN `COD_USU` INT, IN `DN` INT, IN `NOMUSU` VARCHAR(50), IN `CONT` VARCHAR(50), IN `TIP` VARCHAR(30), IN `NOM1` VARCHAR(50), IN `NOM2` VARCHAR(50), IN `APEPA` VARCHAR(50), IN `APEMA` VARCHAR(50), IN `SEX` VARCHAR(9), IN `CORRE` VARCHAR(50), IN `TEL` VARCHAR(13))  BEGIN
	INSERT INTO USUARIO(COD_USUARIO,DNI,NOMBRE,CONTRASEÑA, 
    TIPO,PRIMER_NOMBRE,SEGUNDO_NOMBRE,APELLIDO_PATERNO, 
    APELLIDO_MATERNO,SEXO,CORREO,TELEFONO,FECHA_REGISTRO) VALUES (COD_USU,DN,NOMUSU,CONT,TIP,NOM1,NOM2,APEPA,APEMA,SEX,CORRE,TEL,NOW());
END$$

CREATE DEFINER=`root`@`localhost` PROCEDURE `listarAlumnosMantenimiento` (IN `COD_MAT` INT, IN `COD_NIV` INT, IN `COD_CIC` INT, IN `NUMAULA` VARCHAR(5), IN `COD_DOC` INT, IN `MODA` VARCHAR(30))  BEGIN
	SELECT DISTINCT ALU.COD_ALUMNO,PE.DNI,PE.COD_DISTRITO,PE.COD_PROVINCIA,PE.COD_DEPARTAMENTO, 
    PE.COD_CALLE,PE.NOMBRE,PE.APELLIDO_PATERNO,PE.APELLIDO_MATERNO,PE.SEXO, 
    PE.FECHA_NACIMIENTO,PE.CORREO,PE.TELEFONO,PE.NUMEXT,PE.NUMINT 
    FROM PERSONA PE INNER JOIN ALUMNO ALU 
    ON PE.DNI=ALU.DNI 
    INNER JOIN MATRICULA MAT  
    ON MAT.COD_ALUMNO=ALU.COD_ALUMNO 
    INNER JOIN AULA AU  
    ON AU.NUM_AULA=MAT.NUM_AULA 
    INNER JOIN MODULO MO  
    ON MO.COD_MODULO=AU.COD_MODULO 
    INNER JOIN CALIFICACION CAL 
    ON CAL.COD_ALUMNO=ALU.COD_ALUMNO AND CAL.COD_MODULO=MO.COD_MODULO 
    WHERE MO.COD_MATERIA=COD_MAT AND MO.COD_NIVEL=COD_NIV AND MO.COD_CICLO=COD_CIC 
    AND AU.NUM_AULA=NUMAULA AND AU.COD_DOCENTE=COD_DOC AND AU.MODALIDAD=MODA
    ORDER BY ALU.COD_ALUMNO;
END$$

CREATE DEFINER=`root`@`localhost` PROCEDURE `listarAulaDocente` (IN `COD_DOC` INT, IN `COD_MAT` INT, IN `COD_NIV` INT, IN `COD_CIC` INT)  BEGIN
	SELECT DISTINCT AU.NUM_AULA 
	FROM AULA AU INNER JOIN MODULO MO 
	ON AU.COD_MODULO=MO.COD_MODULO 
	WHERE AU.COD_DOCENTE=COD_DOC AND MO.COD_MATERIA=COD_MAT 
	AND MO.COD_NIVEL=COD_NIV AND MO.COD_CICLO=COD_CIC; 
END$$

CREATE DEFINER=`root`@`localhost` PROCEDURE `listarAulaEstudiante` (IN `COD_ALU` INT, IN `COD_MAT` INT, IN `COD_NIV` INT, IN `COD_CIC` INT)  BEGIN
	SELECT DISTINCT AU.NUM_AULA 
    FROM AULA AU INNER JOIN MODULO MO 
    ON AU.COD_MODULO=MO.COD_MODULO 
    INNER JOIN MATRICULA MATRI 
    ON MATRI.NUM_AULA=AU.NUM_AULA 
    INNER JOIN CALIFICACION CAL 
    ON CAL.COD_MODULO=MO.COD_MODULO 
    INNER JOIN ALUMNO ALU 
    ON ALU.COD_ALUMNO=MATRI.COD_ALUMNO AND ALU.COD_ALUMNO=CAL.COD_ALUMNO 
    WHERE MATRI.COD_ALUMNO=COD_ALU AND MO.COD_MATERIA=COD_MAT 
    AND MO.COD_NIVEL=COD_NIV AND MO.COD_CICLO=COD_CIC ;
END$$

CREATE DEFINER=`root`@`localhost` PROCEDURE `listarAulaMantenimiento` (IN `COD_MAT` INT, IN `COD_NIV` INT, IN `COD_CIC` INT)  BEGIN
	SELECT DISTINCT AU.NUM_AULA,AU.COD_DOCENTE,AU.COD_MODULO,AU.MODALIDAD,AU.HORA_INGRESO, 
    AU.HORA_SALIDA,AU.CUPO,PE.NOMBRE,PE.APELLIDO_PATERNO,PE.APELLIDO_MATERNO, 
    MAT.NOMBRE,NIV.NOMBRE,CIC.NUMERO_CICLO,MO.COD_MATERIA,MO.COD_NIVEL,MO.COD_CICLO 
    FROM AULA AU INNER JOIN DOCENTE DOC  
    ON AU.COD_DOCENTE=DOC.COD_DOCENTE 
    INNER JOIN PERSONA PE 
    ON PE.DNI=DOC.DNI 
    INNER JOIN MODULO MO 
    ON AU.COD_MODULO=MO.COD_MODULO 
    INNER JOIN MATERIA MAT  
    ON MAT.COD_MATERIA=MO.COD_MATERIA 
    INNER JOIN NIVEL NIV 
    ON NIV.COD_NIVEL=MO.COD_NIVEL 
    INNER JOIN CICLO CIC 
    ON CIC.COD_CICLO=MO.COD_CICLO 
    WHERE MO.COD_MATERIA=COD_MAT AND MO.COD_NIVEL=COD_NIV AND MO.COD_CICLO=COD_CIC
    ORDER BY AU.NUM_AULA ;
END$$

CREATE DEFINER=`root`@`localhost` PROCEDURE `listarAulas` (IN `COD_MAT` INT, IN `COD_NIV` INT, IN `COD_CIC` INT)  BEGIN
	SELECT DISTINCT AU.NUM_AULA 
    FROM AULA AU INNER JOIN MODULO MO 
    ON AU.COD_MODULO=MO.COD_MODULO 
    WHERE MO.COD_MATERIA=COD_MAT AND MO.COD_NIVEL=COD_NIV AND MO.COD_CICLO=COD_CIC ;
END$$

CREATE DEFINER=`root`@`localhost` PROCEDURE `listarCalificacionesAula` (IN `COD_NIV` INT, IN `COD_CIC` INT, IN `COD_MAT` INT, IN `COD_DOC` INT, IN `NUMAULA` VARCHAR(5))  BEGIN
	SELECT DISTINCT ALU.COD_ALUMNO,PE.APELLIDO_PATERNO, PE.APELLIDO_MATERNO, PE.NOMBRE, 
    CAL.NOTA_PARCIAL,CAL.NOTA_FINAL,CAL.PROMEDIO_FINAL 
    FROM ALUMNO ALU INNER JOIN PERSONA PE  
    ON ALU.DNI=PE.DNI 
    INNER JOIN CALIFICACION CAL 
    ON CAL.COD_ALUMNO=ALU.COD_ALUMNO 
    INNER JOIN MODULO MO 
    ON MO.COD_MODULO=CAL.COD_MODULO 
    INNER JOIN AULA AU 
    ON AU.COD_MODULO=MO.COD_MODULO 
    INNER JOIN MATRICULA MAT 
    ON MAT.NUM_AULA=AU.NUM_AULA AND ALU.COD_ALUMNO=MAT.COD_ALUMNO 
    WHERE MO.COD_NIVEL=COD_NIV AND MO.COD_CICLO=COD_CIC 
    AND MO.COD_MATERIA=COD_MAT AND AU.COD_DOCENTE=COD_DOC AND AU.NUM_AULA=NUMAULA;
END$$

CREATE DEFINER=`root`@`localhost` PROCEDURE `listarCalificacionesAulaEstudiante` (IN `COD_NIV` INT, IN `COD_CIC` INT, IN `COD_MAT` INT, IN `COD_ALU` INT, IN `NUMAULA` VARCHAR(5))  BEGIN
	SELECT DISTINCT MO.COD_MODULO,PER.APELLIDO_PATERNO, PER.APELLIDO_MATERNO, PER.NOMBRE, 
    CAL.NOTA_PARCIAL,CAL.NOTA_FINAL,CAL.PROMEDIO_FINAL 
    FROM ALUMNO ALU INNER JOIN PERSONA PE  
    ON ALU.DNI=PE.DNI 
    INNER JOIN CALIFICACION CAL 
    ON CAL.COD_ALUMNO=ALU.COD_ALUMNO 
    INNER JOIN MODULO MO 
    ON MO.COD_MODULO=CAL.COD_MODULO 
    INNER JOIN AULA AU 
    ON AU.COD_MODULO=MO.COD_MODULO 
    INNER JOIN MATRICULA MAT 
    ON MAT.NUM_AULA=AU.NUM_AULA AND ALU.COD_ALUMNO=MAT.COD_ALUMNO 
    INNER JOIN DOCENTE DOC 
    ON DOC.COD_DOCENTE=AU.COD_DOCENTE 
    INNER JOIN PERSONA PER 
    ON DOC.DNI=PER.DNI 
    WHERE MO.COD_NIVEL=COD_NIV AND MO.COD_CICLO=COD_CIC 
    AND MO.COD_MATERIA=COD_MAT AND MAT.COD_ALUMNO=COD_ALU AND AU.NUM_AULA=NUMAULA;
END$$

CREATE DEFINER=`root`@`localhost` PROCEDURE `listarCalles` (IN `COD_DEP` INT, IN `COD_PRO` INT, IN `COD_DIS` INT)  BEGIN
	SELECT COD_CALLE,NOMBRE FROM CALLE WHERE COD_DEPARTAMENTO=COD_DEP AND COD_PROVINCIA=COD_PRO AND COD_DISTRITO=COD_DIS;
END$$

CREATE DEFINER=`root`@`localhost` PROCEDURE `listarCicloDocente` (IN `COD_DOC` INT, IN `COD_NIV` INT, IN `COD_MAT` INT)  BEGIN
	SELECT DISTINCT MO.COD_CICLO, CIC.NUMERO_CICLO 
    FROM MODULO MO INNER JOIN  CICLO CIC 
    ON MO.COD_CICLO=CIC.COD_CICLO 
    INNER JOIN  AULA AU 
    ON AU.COD_MODULO=MO.COD_MODULO 
    WHERE AU.COD_DOCENTE=COD_DOC AND MO.COD_NIVEL=COD_NIV
    AND MO.COD_MATERIA=COD_MAT;
END$$

CREATE DEFINER=`root`@`localhost` PROCEDURE `listarCicloEstudiante` (IN `COD_ALU` INT, IN `COD_NIV` INT, IN `COD_MAT` INT)  BEGIN
	SELECT DISTINCT MO.COD_CICLO, CIC.NUMERO_CICLO 
    FROM MODULO MO INNER JOIN  CICLO CIC 
    ON MO.COD_CICLO=CIC.COD_CICLO 
    INNER JOIN  AULA AU 
    ON AU.COD_MODULO=MO.COD_MODULO 
    INNER JOIN MATRICULA MATRI 
    ON MATRI.NUM_AULA=AU.NUM_AULA 
    INNER JOIN CALIFICACION CAL 
    ON CAL.COD_MODULO=MO.COD_MODULO 
    INNER JOIN ALUMNO ALU 
    ON ALU.COD_ALUMNO=MATRI.COD_ALUMNO AND ALU.COD_ALUMNO=CAL.COD_ALUMNO 
    WHERE MATRI.COD_ALUMNO=COD_ALU AND MO.COD_NIVEL=COD_NIV
    AND MO.COD_MATERIA=COD_MAT;
END$$

CREATE DEFINER=`root`@`localhost` PROCEDURE `listarDepartamentos` ()  BEGIN
	SELECT COD_DEPARTAMENTO,NOMBRE FROM DEPARTAMENTO ;
END$$

CREATE DEFINER=`root`@`localhost` PROCEDURE `listarDistritos` (IN `COD_DEP` INT, IN `COD_PRO` INT)  BEGIN
	SELECT COD_DISTRITO,NOMBRE FROM DISTRITO WHERE COD_DEPARTAMENTO=COD_DEP AND COD_PROVINCIA=COD_PRO;
END$$

CREATE DEFINER=`root`@`localhost` PROCEDURE `listarDocenteMantenimiento` ()  BEGIN
	SELECT DOC.COD_DOCENTE,DOC.DNI, 
    PE.COD_DISTRITO,PE.COD_PROVINCIA,PE.COD_DEPARTAMENTO,PE.COD_CALLE,PE.NOMBRE, 
    PE.APELLIDO_PATERNO,PE.APELLIDO_MATERNO,PE.SEXO,PE.FECHA_NACIMIENTO,PE.CORREO, 
    PE.TELEFONO,PE.NUMEXT,PE.NUMINT 
    FROM DOCENTE DOC INNER JOIN PERSONA PE 
    ON DOC.DNI=PE.DNI 
    ORDER BY DOC.COD_DOCENTE ;
END$$

CREATE DEFINER=`root`@`localhost` PROCEDURE `listarDocentes` (IN `COD_MAT` INT, IN `COD_NIV` INT, IN `COD_CIC` INT, IN `NUMAULA` VARCHAR(5))  BEGIN 
	SELECT DISTINCT DOC.COD_DOCENTE,PE.NOMBRE,PE.APELLIDO_PATERNO 
    FROM AULA AU INNER JOIN MODULO MO 
    ON AU.COD_MODULO=MO.COD_MODULO 
    INNER JOIN DOCENTE DOC 
    ON DOC.COD_DOCENTE=AU.COD_DOCENTE 
    INNER JOIN PERSONA PE 
    ON DOC.DNI=PE.DNI 
    WHERE MO.COD_MATERIA=COD_MAT AND MO.COD_NIVEL=COD_NIV AND MO.COD_CICLO=COD_CIC AND AU.NUM_AULA=NUMAULA;
END$$

CREATE DEFINER=`root`@`localhost` PROCEDURE `listarMateriaDocente` (IN `COD_DOC` INT)  BEGIN
	SELECT DISTINCT MO.COD_MATERIA,MAT.NOMBRE 
    FROM MODULO MO INNER JOIN  MATERIA MAT 
    ON MO.COD_MATERIA=MAT.COD_MATERIA 
    INNER JOIN  AULA AU 
    ON AU.COD_MODULO=MO.COD_MODULO 
    WHERE AU.COD_DOCENTE=COD_DOC;
END$$

CREATE DEFINER=`root`@`localhost` PROCEDURE `listarMateriaEstudiante` (IN `COD_ALU` INT)  BEGIN
	SELECT DISTINCT MO.COD_MATERIA,MAT.NOMBRE 
    FROM MODULO MO INNER JOIN  MATERIA MAT 
    ON MO.COD_MATERIA=MAT.COD_MATERIA 
    INNER JOIN  AULA AU 
    ON AU.COD_MODULO=MO.COD_MODULO 
    INNER JOIN MATRICULA MATRI 
    ON MATRI.NUM_AULA=AU.NUM_AULA 
    INNER JOIN CALIFICACION CAL 
    ON CAL.COD_MODULO=MO.COD_MODULO 
    INNER JOIN ALUMNO ALU 
    ON ALU.COD_ALUMNO=MATRI.COD_ALUMNO AND ALU.COD_ALUMNO=CAL.COD_ALUMNO 
    WHERE MATRI.COD_ALUMNO=COD_ALU;
END$$

CREATE DEFINER=`root`@`localhost` PROCEDURE `listarMaterias` ()  BEGIN
	SELECT DISTINCT MO.COD_MATERIA,MAT.NOMBRE 
    FROM MATERIA MAT INNER JOIN MODULO MO 
    ON MAT.COD_MATERIA=MO.COD_MATERIA ;
END$$

CREATE DEFINER=`root`@`localhost` PROCEDURE `listarModalidades` (IN `COD_MAT` INT, IN `COD_NIV` INT, IN `COD_CIC` INT, IN `NUMAULA` VARCHAR(5), IN `COD_DOC` INT)  BEGIN
	SELECT DISTINCT AU.MODALIDAD 
    FROM AULA AU INNER JOIN MODULO MO 
    ON AU.COD_MODULO=MO.COD_MODULO 
    INNER JOIN DOCENTE DOC 
    ON DOC.COD_DOCENTE=AU.COD_DOCENTE 
    WHERE MO.COD_MATERIA=COD_MAT AND MO.COD_NIVEL=COD_NIV AND MO.COD_CICLO=COD_CIC AND AU.NUM_AULA=NUMAULA AND AU.COD_DOCENTE=COD_DOC;
END$$

CREATE DEFINER=`root`@`localhost` PROCEDURE `listarModuloMantenimiento` ()  BEGIN
	SELECT DISTINCT MO.COD_MODULO,MO.COD_MATERIA,MO.COD_NIVEL,MO.COD_CICLO, 
    MAT.NOMBRE,NIV.NOMBRE,CIC.NUMERO_CICLO 
    FROM MODULO MO INNER JOIN MATERIA MAT 
    ON MO.COD_MATERIA=MAT.COD_MATERIA 
    INNER JOIN NIVEL NIV 
    ON NIV.COD_NIVEL=MO.COD_NIVEL 
    INNER JOIN CICLO CIC 
    ON CIC.COD_CICLO=MO.COD_CICLO 
    ORDER BY MO.COD_MODULO ;
END$$

CREATE DEFINER=`root`@`localhost` PROCEDURE `listarNivelDocente` (IN `COD_DOC` INT, IN `COD_MAT` INT)  BEGIN
	SELECT DISTINCT MO.COD_NIVEL,NIV.NOMBRE 
    FROM MODULO MO INNER JOIN  NIVEL NIV 
    ON MO.COD_NIVEL=NIV.COD_NIVEL 
    INNER JOIN  AULA AU 
    ON AU.COD_MODULO=MO.COD_MODULO 
    WHERE AU.COD_DOCENTE=COD_DOC AND MO.COD_MATERIA=COD_MAT;
END$$

CREATE DEFINER=`root`@`localhost` PROCEDURE `listarNiveles` (IN `COD_MAT` INT, IN `COD_NIV` INT)  BEGIN
	SELECT DISTINCT MO.COD_CICLO,CIC.NUMERO_CICLO 
    FROM CICLO CIC INNER JOIN MODULO MO 
    ON CIC.COD_CICLO=MO.COD_CICLO 
    WHERE MO.COD_MATERIA=COD_MAT AND MO.COD_NIVEL=COD_NIV;
END$$

CREATE DEFINER=`root`@`localhost` PROCEDURE `listarNivelEstudiante` (IN `COD_ALU` INT, IN `COD_MAT` INT)  BEGIN
	SELECT DISTINCT MO.COD_NIVEL,NIV.NOMBRE 
    FROM MODULO MO INNER JOIN  NIVEL NIV 
    ON MO.COD_NIVEL=NIV.COD_NIVEL 
    INNER JOIN  AULA AU 
    ON AU.COD_MODULO=MO.COD_MODULO 
    INNER JOIN MATRICULA MATRI 
    ON MATRI.NUM_AULA=AU.NUM_AULA 
    INNER JOIN CALIFICACION CAL 
    ON CAL.COD_MODULO=MO.COD_MODULO 
    INNER JOIN ALUMNO ALU 
    ON ALU.COD_ALUMNO=MATRI.COD_ALUMNO AND ALU.COD_ALUMNO=CAL.COD_ALUMNO 
    WHERE MATRI.COD_ALUMNO=COD_ALU AND MO.COD_MATERIA=COD_MAT ;
END$$

CREATE DEFINER=`root`@`localhost` PROCEDURE `listarObjetoAlumno` (IN `COD_ALU` INT)  BEGIN
	SELECT ALU.COD_ALUMNO,ALU.DNI, 
    PE.COD_DISTRITO,PE.COD_PROVINCIA,PE.COD_DEPARTAMENTO,PE.COD_CALLE,PE.NOMBRE, 
    PE.APELLIDO_PATERNO,PE.APELLIDO_MATERNO,PE.SEXO,PE.FECHA_NACIMIENTO,PE.CORREO, 
    PE.TELEFONO,PE.NUMEXT,PE.NUMINT 
    FROM ALUMNO ALU INNER JOIN PERSONA PE 
    ON ALU.DNI=PE.DNI 
     WHERE ALU.COD_ALUMNO=COD_ALU ;
END$$

CREATE DEFINER=`root`@`localhost` PROCEDURE `listarObjetoAula` (IN `NUMAULA` VARCHAR(5))  BEGIN
	SELECT DISTINCT AU.NUM_AULA,AU.COD_DOCENTE,AU.COD_MODULO,AU.MODALIDAD,AU.HORA_INGRESO, 
    AU.HORA_SALIDA,AU.CUPO,PE.NOMBRE,PE.APELLIDO_PATERNO,PE.APELLIDO_MATERNO, 
    MAT.NOMBRE,NIV.NOMBRE,CIC.NUMERO_CICLO,MO.COD_MATERIA,MO.COD_NIVEL,MO.COD_CICLO 
    FROM AULA AU INNER JOIN DOCENTE DOC  
    ON AU.COD_DOCENTE=DOC.COD_DOCENTE 
    INNER JOIN PERSONA PE 
    ON PE.DNI=DOC.DNI 
    INNER JOIN MODULO MO 
    ON AU.COD_MODULO=MO.COD_MODULO 
    INNER JOIN MATERIA MAT  
    ON MAT.COD_MATERIA=MO.COD_MATERIA 
    INNER JOIN NIVEL NIV 
    ON NIV.COD_NIVEL=MO.COD_NIVEL 
    INNER JOIN CICLO CIC 
    ON CIC.COD_CICLO=MO.COD_CICLO 
    WHERE AU.NUM_AULA=NUMAULA;
END$$

CREATE DEFINER=`root`@`localhost` PROCEDURE `listarObjetoDocente` (IN `COD_DOC` INT)  BEGIN 
	SELECT DOC.COD_DOCENTE,DOC.DNI, 
    PE.COD_DISTRITO,PE.COD_PROVINCIA,PE.COD_DEPARTAMENTO,PE.COD_CALLE,PE.NOMBRE, 
    PE.APELLIDO_PATERNO,PE.APELLIDO_MATERNO,PE.SEXO,PE.FECHA_NACIMIENTO,PE.CORREO, 
    PE.TELEFONO,PE.NUMEXT,PE.NUMINT 
    FROM DOCENTE DOC INNER JOIN PERSONA PE 
    ON DOC.DNI=PE.DNI 
    WHERE DOC.COD_DOCENTE=COD_DOC ;
END$$

CREATE DEFINER=`root`@`localhost` PROCEDURE `listarObjetoPersonal` (IN `COD_PERS` INT)  BEGIN
	SELECT PER.COD_PERSONAL,PER.DNI,PER.HORA_INGRESO,PER.HORA_SALIDA,PER.CARGO, 
    PE.COD_DISTRITO,PE.COD_PROVINCIA,PE.COD_DEPARTAMENTO,PE.COD_CALLE,PE.NOMBRE, 
    PE.APELLIDO_PATERNO,PE.APELLIDO_MATERNO,PE.SEXO,PE.FECHA_NACIMIENTO,PE.CORREO, 
    PE.TELEFONO,PE.NUMEXT,PE.NUMINT 
    FROM PERSONAL PER INNER JOIN PERSONA PE 
    ON PER.DNI=PE.DNI 
    WHERE PER.COD_PERSONAL=COD_PERS ;
END$$

CREATE DEFINER=`root`@`localhost` PROCEDURE `listarObjetoUsuario` (IN `COD_USU` INT)  BEGIN
	SELECT * FROM USUARIO WHERE COD_USUARIO=COD_USU ;
END$$

CREATE DEFINER=`root`@`localhost` PROCEDURE `listarPersona` (IN `COD_USU` INT)  BEGIN
	SELECT E.COD_ALUMNO,U.NOMBRE,P.DNI,P.NOMBRE,P.APELLIDO_PATERNO,P.APELLIDO_MATERNO, 
    P.FECHA_NACIMIENTO,P.SEXO,P.TELEFONO,P.CORREO,CA.NOMBRE,P.NUMINT,P.NUMEXT,DI.NOMBRE, 
    PRO.NOMBRE,DE.NOMBRE,U.FECHA_REGISTRO  
    FROM PERSONA P INNER JOIN ALUMNO E 
    ON P.DNI=E.DNI 
    INNER JOIN USUARIO U 
    ON P.DNI=U.DNI 
    INNER JOIN DEPARTAMENTO DE 
    ON DE.COD_DEPARTAMENTO=P.COD_DEPARTAMENTO 
    INNER JOIN PROVINCIA PRO 
    ON PRO.COD_PROVINCIA=P.COD_PROVINCIA AND DE.COD_DEPARTAMENTO=PRO.COD_DEPARTAMENTO 
    INNER JOIN DISTRITO DI 
    ON DI.COD_DISTRITO=P.COD_DISTRITO AND DI.COD_PROVINCIA=PRO.COD_PROVINCIA 
    INNER JOIN CALLE CA 
    ON CA.COD_CALLE=P.COD_CALLE AND CA.COD_DISTRITO=DI.COD_DISTRITO 
    WHERE U.COD_USUARIO=COD_USU;
END$$

CREATE DEFINER=`root`@`localhost` PROCEDURE `listarPersonalMantenimiento` ()  BEGIN
	SELECT PER.COD_PERSONAL,PER.DNI,PER.HORA_INGRESO,PER.HORA_SALIDA,PER.CARGO, 
   	PE.COD_DISTRITO,PE.COD_PROVINCIA,PE.COD_DEPARTAMENTO,PE.COD_CALLE,PE.NOMBRE, 
    PE.APELLIDO_PATERNO,PE.APELLIDO_MATERNO,PE.SEXO,PE.FECHA_NACIMIENTO,PE.CORREO, 
    PE.TELEFONO,PE.NUMEXT,PE.NUMINT 
    FROM PERSONAL PER INNER JOIN PERSONA PE 
    ON PER.DNI=PE.DNI 
    ORDER BY PER.COD_PERSONAL;
END$$

CREATE DEFINER=`root`@`localhost` PROCEDURE `listarProvincias` (IN `COD_DEP` INT)  BEGIN
	SELECT COD_PROVINCIA,NOMBRE FROM PROVINCIA WHERE COD_DEPARTAMENTO=COD_DEP;
END$$

CREATE DEFINER=`root`@`localhost` PROCEDURE `listarRegistroNiveles` (IN `COD_MAT` INT)  BEGIN
	SELECT DISTINCT MO.COD_NIVEL,NIV.NOMBRE 
    FROM NIVEL NIV INNER JOIN MODULO MO 
    ON NIV.COD_NIVEL=MO.COD_NIVEL 
    WHERE MO.COD_MATERIA=COD_MAT ;
END$$

CREATE DEFINER=`root`@`localhost` PROCEDURE `listarTodosDocentes` ()  BEGIN
	SELECT DISTINCT DOC.COD_DOCENTE,PE.NOMBRE,PE.APELLIDO_PATERNO,PE.APELLIDO_MATERNO 
    FROM DOCENTE DOC INNER JOIN PERSONA PE 
    ON DOC.DNI=PE.DNI ;
END$$

CREATE DEFINER=`root`@`localhost` PROCEDURE `listarUsuario` (IN `COD_USU` INT)  BEGIN
	SELECT * FROM USUARIO WHERE COD_USUARIO=COD_USU ;
END$$

CREATE DEFINER=`root`@`localhost` PROCEDURE `listarUsuarioMantenimientoAlumno` ()  BEGIN
	SELECT  USU.COD_USUARIO,USU.NOMBRE,USU.PRIMER_NOMBRE, 
    USU.SEGUNDO_NOMBRE,USU.APELLIDO_PATERNO,USU.APELLIDO_MATERNO,USU.CORREO,USU.TELEFONO,USU.TIPO, 
    USU.SEXO,USU.FECHA_REGISTRO,USU.DNI,USU.CONTRASEÑA 
    FROM USUARIO USU INNER JOIN PERSONA PE 
    ON USU.DNI=PE.DNI 
    WHERE USU.TIPO='ALUMNO' 
    ORDER BY USU.COD_USUARIO ;
END$$

CREATE DEFINER=`root`@`localhost` PROCEDURE `listarUsuarioMantenimientoDocente` ()  BEGIN
	SELECT  USU.COD_USUARIO,USU.NOMBRE,USU.PRIMER_NOMBRE, 
    USU.SEGUNDO_NOMBRE,USU.APELLIDO_PATERNO,USU.APELLIDO_MATERNO,USU.CORREO,USU.TELEFONO,USU.TIPO, 
    USU.SEXO,USU.FECHA_REGISTRO,USU.DNI,USU.CONTRASEÑA 
    FROM USUARIO USU INNER JOIN PERSONA PE 
    ON USU.DNI=PE.DNI 
    WHERE USU.TIPO='DOCENTE' 
    ORDER BY USU.COD_USUARIO;
END$$

CREATE DEFINER=`root`@`localhost` PROCEDURE `listarUsuarioMantenimientoPersonal` ()  BEGIN
	SELECT  USU.COD_USUARIO,USU.NOMBRE,USU.PRIMER_NOMBRE, 
    USU.SEGUNDO_NOMBRE,USU.APELLIDO_PATERNO,USU.APELLIDO_MATERNO,USU.CORREO,USU.TELEFONO,USU.TIPO, 
    USU.SEXO,USU.FECHA_REGISTRO,USU.DNI,USU.CONTRASEÑA 
    FROM USUARIO USU INNER JOIN PERSONA PE 
    ON USU.DNI=PE.DNI 
   	WHERE USU.TIPO='PERSONAL ADMINISTRATIVO' 
    ORDER BY USU.COD_USUARIO;
END$$

CREATE DEFINER=`root`@`localhost` PROCEDURE `ModificarAula` (IN `COD_DOC` INT, IN `MODA` VARCHAR(30), IN `HORAI` TIME, IN `HORAS` TIME, IN `CUP` INT, IN `NUMAULA` VARCHAR(5))  BEGIN
	UPDATE AULA  SET COD_DOCENTE=COD_DOC,MODALIDAD=MODA,HORA_INGRESO=HORAI,HORA_SALIDA=HORAS,CUPO=CUP 
    WHERE NUM_AULA=NUMAULA ;
END$$

CREATE DEFINER=`root`@`localhost` PROCEDURE `ModificarPersona` (IN `COD_DIS` INT, IN `COD_PRO` INT, IN `COD_DEP` INT, IN `COD_CALLE` INT, IN `NOM` VARCHAR(50), IN `APEPA` VARCHAR(30), IN `APEMA` VARCHAR(30), IN `SEX` VARCHAR(9), IN `FECHA` DATE, IN `CORRE` VARCHAR(50), IN `TEL` VARCHAR(13), IN `NUME` INT, IN `NUMI` INT, IN `DN` INT)  BEGIN
	UPDATE PERSONA  SET COD_DISTRITO=COD_DIS,COD_PROVINCIA=COD_PRO,COD_DEPARTAMENTO=COD_DEP,COD_CALLE=COD_CALLE, 
    NOMBRE=NOM,APELLIDO_PATERNO=APEPA,APELLIDO_MATERNO=APEMA,SEXO=SEX,FECHA_NACIMIENTO=FECHA,CORREO=CORRE, 
    TELEFONO=TEL,NUMEXT=NUME,NUMINT=NUMI 
    WHERE DNI=DN ;
END$$

CREATE DEFINER=`root`@`localhost` PROCEDURE `ModificarPersonal` (IN `DN` INT, IN `HORAI` TIME, IN `HORAS` TIME, IN `CARG` VARCHAR(50), IN `COD_PERS` INT)  BEGIN
	UPDATE PERSONAL  SET DNI=DN,HORA_INGRESO=HORAI,HORA_SALIDA=HORAS,CARGO=CARG WHERE COD_PERSONAL=COD_PERS ;
END$$

CREATE DEFINER=`root`@`localhost` PROCEDURE `ModificarUsuario` (IN `NOMUSU` VARCHAR(50), IN `NOM1` VARCHAR(50), IN `NOM2` VARCHAR(50), IN `APEPA` VARCHAR(50), IN `APEMA` VARCHAR(50), IN `CORRE` VARCHAR(50), IN `TEL` VARCHAR(13), IN `SEX` VARCHAR(9), IN `CONT` VARCHAR(50), IN `COD_USU` INT)  BEGIN 
	UPDATE USUARIO SET NOMBRE=NOMUSU, PRIMER_NOMBRE=NOM1, SEGUNDO_NOMBRE=NOM2, APELLIDO_PATERNO=APEPA, 
    APELLIDO_MATERNO=APEMA, CORREO=CORRE, TELEFONO=TEL, SEXO=SEX, CONTRASEÑA=CONT
    WHERE COD_USUARIO=COD_USU ;
END$$

CREATE DEFINER=`root`@`localhost` PROCEDURE `RegistrarCalificacion` (IN `COD_ALU` INT, IN `COD_MOD` CHAR(8))  BEGIN
	INSERT INTO CALIFICACION (COD_ALUMNO,COD_MODULO) VALUES (COD_ALU,COD_MOD);
END$$

CREATE DEFINER=`root`@`localhost` PROCEDURE `RegistrarMatricula` (IN `COD_ALU` INT, IN `NUMAULA` VARCHAR(5))  BEGIN
	INSERT INTO MATRICULA (COD_ALUMNO,NUM_AULA) VALUES (COD_ALU,NUMAULA) ;
END$$

CREATE DEFINER=`root`@`localhost` PROCEDURE `VacanteCupo` (IN `NUMAULA` VARCHAR(5))  BEGIN
	SELECT CUPO FROM AULA WHERE NUM_AULA=NUMAULA;
END$$

CREATE DEFINER=`root`@`localhost` PROCEDURE `VerificarCuenta` ()  BEGIN
	SELECT DNI FROM USUARIO;
END$$

DELIMITER ;

-- --------------------------------------------------------

--
-- Estructura de tabla para la tabla `alumno`
--

CREATE TABLE `alumno` (
  `COD_ALUMNO` int(11) NOT NULL,
  `DNI` int(11) NOT NULL
) ENGINE=InnoDB DEFAULT CHARSET=latin1;

--
-- Volcado de datos para la tabla `alumno`
--

INSERT INTO `alumno` (`COD_ALUMNO`, `DNI`) VALUES
(20, 32432),
(46, 34668),
(19, 43534),
(49, 53453),
(21, 234324),
(37, 234324),
(6, 324234),
(15, 324234),
(55, 324234),
(40, 324245),
(18, 346456),
(26, 435345),
(16, 445645),
(51, 452342),
(58, 566964),
(12, 644557),
(42, 2342346),
(48, 2343543),
(36, 2353453),
(33, 2432342),
(47, 3257568),
(25, 3423534),
(38, 3445345),
(32, 3452334),
(41, 3454362),
(35, 4324234),
(34, 4343633),
(54, 4364645),
(53, 4367568),
(13, 4543645),
(56, 4586797),
(60, 4588767),
(45, 4645754),
(61, 4665756),
(10, 4675567),
(7, 5432133),
(31, 7567224),
(8, 12345463),
(23, 23432523),
(43, 23534454),
(30, 23546575),
(9, 32443543),
(14, 34543534),
(50, 35435345),
(59, 43655686),
(79, 51514587),
(44, 54756867),
(76, 65148299),
(81, 66871499),
(80, 69694545),
(86, 71811748),
(62, 71849111),
(83, 71849666),
(77, 71889966),
(71, 74148488),
(65, 74148877),
(72, 74154899),
(68, 74174122),
(75, 74748888),
(73, 74841112),
(64, 74874444),
(4, 74894871),
(74, 75012299),
(78, 75012699),
(5, 75112233),
(22, 75442344),
(2, 75498861),
(1, 75498862),
(29, 75498863),
(84, 75666899),
(63, 75754333),
(69, 75818122),
(66, 75882112),
(3, 75883456),
(24, 75883456),
(52, 75883456),
(82, 76671499),
(85, 78878988),
(67, 78918181),
(70, 79871479),
(27, 123213213),
(17, 324234324),
(39, 345345345),
(28, 346456546),
(57, 447667867),
(11, 457876975);

-- --------------------------------------------------------

--
-- Estructura de tabla para la tabla `aula`
--

CREATE TABLE `aula` (
  `NUM_AULA` varchar(5) NOT NULL,
  `COD_DOCENTE` int(11) NOT NULL,
  `COD_MODULO` char(8) NOT NULL,
  `MODALIDAD` varchar(30) NOT NULL,
  `HORA_INGRESO` time NOT NULL,
  `HORA_SALIDA` time NOT NULL,
  `CUPO` int(11) NOT NULL
) ENGINE=InnoDB DEFAULT CHARSET=latin1;

--
-- Volcado de datos para la tabla `aula`
--

INSERT INTO `aula` (`NUM_AULA`, `COD_DOCENTE`, `COD_MODULO`, `MODALIDAD`, `HORA_INGRESO`, `HORA_SALIDA`, `CUPO`) VALUES
('1', 5, 'FRAAVA01', 'Presencial', '08:12:00', '10:01:00', 12),
('123', 1, 'FRABAS10', 'SemiPresencial', '23:03:00', '23:02:00', 12),
('1233', 1, 'PORINT02', 'Presencial', '23:02:00', '21:03:00', 23),
('1234', 4, 'FRAINT03', 'Presencial', '12:03:00', '12:12:00', 2),
('2', 5, 'FRAAVA01', 'SemiPresencial', '03:02:00', '05:02:00', 14),
('231', 1, 'INGBAS04', 'SemiPresencial', '03:01:00', '05:03:00', 12),
('2334', 1, 'INGINT02', 'SemiPresencial', '05:04:00', '07:05:00', 3),
('234', 5, 'FRAAVA04', 'Presencial', '03:46:00', '05:06:00', 4),
('2345', 5, 'QUEINT06', 'SemiPresencial', '03:23:00', '05:03:00', 234),
('23453', 5, 'PORAVA01', 'SemiPresencial', '04:04:00', '06:05:00', 4),
('235', 5, 'INGBAS02', 'SemiPresencial', '03:04:00', '06:03:00', 21),
('2356', 2, 'INGBAS04', 'SemiPresencial', '03:06:00', '05:05:00', 23),
('25', 5, 'FRAAVA06', 'SemiPresencial', '03:04:00', '06:03:00', 23),
('3', 4, 'FRAAVA01', 'Presencial', '03:04:00', '04:06:00', 6),
('32', 1, 'FRAAVA04', 'Presencial', '03:24:00', '23:34:00', 32),
('324', 1, 'INGBAS02', 'SemiPresencial', '03:04:00', '05:03:00', 23),
('3244', 5, 'INGINT08', 'SemiPresencial', '03:24:00', '06:23:00', 23),
('328', 5, 'FRABAS08', 'Presencial', '12:02:00', '01:03:00', 23),
('34', 4, 'FRAAVA06', 'Presencial', '23:04:00', '03:04:00', 23),
('345', 4, 'FRABAS08', 'Presencial', '04:04:00', '07:04:00', 32),
('3456', 4, 'QUEBAS01', 'SemiPresencial', '03:04:00', '04:06:00', 435),
('34643', 5, 'PORINT03', 'SemiPresencial', '05:55:00', '08:05:00', 45),
('35', 5, 'INGINT08', 'Presencial', '06:04:00', '08:03:00', 32),
('3523', 1, 'QUEAVA05', 'Presencial', '03:05:00', '03:04:00', 45),
('356', 5, 'PORBAS01', 'SemiPresencial', '04:03:00', '07:04:00', 34),
('36', 4, 'INGINT08', 'Presencial', '01:01:00', '03:03:00', 21),
('362', 5, 'PORAVA01', 'SemiPresencial', '03:04:00', '05:32:00', 23),
('37', 1, 'PORAVA03', 'Presencial', '03:04:00', '06:04:00', 4),
('4', 3, 'FRAAVA01', 'Presencial', '03:04:00', '04:06:00', 23),
('42', 4, 'PORAVA02', 'Presencial', '04:03:00', '03:03:00', 54),
('43', 2, 'QUEINT06', 'SemiPresencial', '06:04:00', '04:05:00', 43),
('432', 2, 'PORAVA03', 'SemiPresencial', '04:04:00', '05:06:00', 3),
('434', 1, 'PORINT02', 'Presencial', '03:04:00', '03:05:00', 32),
('43432', 1, 'PORINT02', 'Presencial', '03:24:00', '23:04:00', 33),
('435', 4, 'INGBAS01', 'SemiPresencial', '05:04:00', '04:05:00', 34),
('4356', 4, 'QUEINT01', 'Presencial', '04:05:00', '07:05:00', 53),
('4367', 5, 'QUEINT08', 'SemiPresencial', '05:06:00', '04:05:00', 65),
('44', 5, 'FRAINT03', 'SemiPresencial', '03:05:00', '05:04:00', 5),
('443', 4, 'INGBAS01', 'SemiPresencial', '04:05:00', '04:03:00', 34),
('45', 5, 'PORAVA02', 'SemiPresencial', '04:05:00', '07:04:00', 45),
('453', 5, 'INGINT02', 'SemiPresencial', '23:04:00', '23:04:00', 16),
('456', 1, 'FRABAS05', 'Presencial', '05:04:00', '07:04:00', 23),
('4565', 1, 'INGAVA10', 'SemiPresencial', '04:03:00', '04:05:00', 37),
('46', 3, 'FRAAVA04', 'SemiPresencial', '04:03:00', '03:04:00', 45),
('4634', 4, 'PORINT05', 'SemiPresencial', '04:35:00', '06:04:00', 34),
('473', 2, 'PORAVA02', 'SemiPresencial', '05:34:00', '06:07:00', 4),
('49', 5, 'FRAINT04', 'SemiPresencial', '09:06:00', '10:04:00', 4),
('5', 2, 'FRAAVA01', 'Presencial', '02:04:00', '04:03:00', 21),
('54', 3, 'FRABAS05', 'Presencial', '03:04:00', '04:03:00', 32),
('543', 2, 'QUEAVA10', 'Presencial', '07:05:00', '09:06:00', 3),
('54574', 2, 'QUEBAS01', 'Presencial', '06:05:00', '08:48:00', 4),
('546', 2, 'QUEBAS05', 'SemiPresencial', '06:05:00', '06:57:00', 6),
('56', 1, 'QUEBAS03', 'SemiPresencial', '01:08:00', '03:03:00', 3),
('567', 2, 'QUEBAS03', 'Presencial', '05:07:00', '05:07:00', 5),
('568', 5, 'QUEBAS07', 'SemiPresencial', '06:05:00', '08:05:00', 5),
('574', 5, 'QUEAVA03', 'SemiPresencial', '03:02:00', '06:04:00', 7),
('6', 1, 'FRAAVA01', 'SemiPresencial', '03:04:00', '07:45:00', 2),
('60', 5, 'INGAVA01', 'SemiPresencial', '05:06:00', '07:05:00', 4),
('61', 1, 'INGAVA01', 'SemiPresencial', '04:05:00', '06:04:00', 3),
('62', 1, 'FRAINT03', 'Presencial', '03:04:00', '05:04:00', 3),
('64', 1, 'FRAAVA06', 'Presencial', '23:32:00', '03:04:00', 5),
('643', 2, 'INGBAS02', 'Presencial', '03:02:00', '04:04:00', 32),
('6436', 5, 'QUEAVA10', 'SemiPresencial', '04:01:00', '07:03:00', 23),
('646', 5, 'INGBAS02', 'SemiPresencial', '03:04:00', '05:03:00', 34),
('655', 2, 'QUEBAS01', 'SemiPresencial', '05:07:00', '08:05:00', 6),
('657', 1, 'PORBAS01', 'Presencial', '03:04:00', '05:04:00', 43),
('65785', 4, 'QUEBAS07', 'Presencial', '05:07:00', '09:07:00', 65),
('66', 5, 'FRABAS10', 'SemiPresencial', '02:03:00', '04:03:00', 12),
('67', 1, 'FRABAS10', 'Presencial', '01:02:00', '02:03:00', 2),
('68', 1, 'FRAINT04', 'SemiPresencial', '06:05:00', '08:06:00', 54),
('683', 1, 'QUEINT08', 'SemiPresencial', '04:03:00', '05:06:00', 4),
('6865', 5, 'PORINT05', 'Presencial', '05:03:00', '08:06:00', 34),
('73', 2, 'INGAVA06', 'SemiPresencial', '04:05:00', '03:04:00', 34),
('732', 1, 'PORAVA01', 'Presencial', '03:02:00', '06:05:00', 3),
('74', 5, 'QUEINT01', 'SemiPresencial', '04:05:00', '02:03:00', 3),
('7432', 4, 'QUEAVA03', 'SemiPresencial', '03:04:00', '23:23:00', 5),
('75', 5, 'INGBAS01', 'Presencial', '05:06:00', '05:57:00', 45),
('752', 1, 'QUEAVA03', 'Presencial', '03:05:00', '05:05:00', 23),
('753', 5, 'INGAVA06', 'SemiPresencial', '03:23:00', '06:03:00', 32),
('75332', 2, 'PORINT03', 'Presencial', '04:06:00', '08:04:00', 23),
('754', 2, 'QUEAVA03', 'Presencial', '04:01:00', '06:02:00', 4),
('7554', 4, 'QUEAVA10', 'Presencial', '04:35:00', '07:06:00', 7),
('7586', 4, 'PORINT05', 'SemiPresencial', '06:07:00', '06:07:00', 65),
('76', 5, 'FRAINT04', 'SemiPresencial', '04:56:00', '06:05:00', 4),
('78', 4, 'INGINT02', 'SemiPresencial', '01:54:00', '04:56:00', 3),
('81', 1, 'INGBAS01', 'SemiPresencial', '03:04:00', '06:05:00', 34),
('864', 2, 'PORBAS01', 'Presencial', '04:05:00', '05:04:00', 6),
('8646', 1, 'PORINT03', 'SemiPresencial', '23:06:00', '03:05:00', 64),
('865', 1, 'QUEBAS03', 'Presencial', '04:56:00', '05:06:00', 5),
('8659', 1, 'QUEINT08', 'Presencial', '05:03:00', '08:04:00', 4),
('87', 1, 'FRABAS08', 'SemiPresencial', '03:05:00', '21:02:00', 35),
('876', 2, 'QUEBAS01', 'Presencial', '06:08:00', '07:06:00', 2),
('89', 4, 'INGAVA01', 'SemiPresencial', '05:03:00', '08:04:00', 4),
('9', 2, 'FRAINT01', 'SemiPresencial', '07:07:00', '08:08:00', 23),
('97', 1, 'INGAVA10', 'Presencial', '05:06:00', '09:05:00', 45),
('975', 5, 'PORINT03', 'SemiPresencial', '05:06:00', '05:07:00', 34);

-- --------------------------------------------------------

--
-- Estructura de tabla para la tabla `calificacion`
--

CREATE TABLE `calificacion` (
  `COD_ALUMNO` int(11) NOT NULL,
  `COD_MODULO` char(8) NOT NULL,
  `NOTA_PARCIAL` varchar(2) DEFAULT NULL,
  `NOTA_FINAL` varchar(2) DEFAULT NULL,
  `PROMEDIO_FINAL` varchar(2) DEFAULT NULL
) ENGINE=InnoDB DEFAULT CHARSET=latin1;

--
-- Volcado de datos para la tabla `calificacion`
--

INSERT INTO `calificacion` (`COD_ALUMNO`, `COD_MODULO`, `NOTA_PARCIAL`, `NOTA_FINAL`, `PROMEDIO_FINAL`) VALUES
(1, 'PORINT02', NULL, NULL, NULL),
(2, 'FRAAVA01', '12', '12', '12'),
(3, 'FRAAVA01', '14', '12', '13'),
(4, 'FRAAVA01', '15', '14', '15'),
(5, 'FRAAVA01', '15', '8', '12'),
(6, 'FRAAVA04', NULL, NULL, NULL),
(7, 'FRAAVA01', NULL, NULL, NULL),
(8, 'FRAAVA01', NULL, NULL, NULL),
(9, 'FRAAVA01', NULL, NULL, NULL),
(10, 'FRAAVA01', NULL, NULL, NULL),
(11, 'FRAAVA01', NULL, NULL, NULL),
(12, 'FRAAVA01', NULL, NULL, NULL),
(13, 'FRAAVA01', NULL, NULL, NULL),
(14, 'FRAAVA01', NULL, NULL, NULL),
(15, 'FRAAVA01', NULL, NULL, NULL),
(16, 'FRAAVA04', '14', '15', '15'),
(17, 'FRAAVA04', '12', '16', '14'),
(18, 'FRAAVA04', '12', '16', '14'),
(19, 'FRAAVA04', '12', '16', '14'),
(20, 'FRAAVA04', NULL, NULL, NULL),
(21, 'FRAAVA04', NULL, NULL, NULL),
(22, 'FRAAVA04', NULL, NULL, NULL),
(23, 'FRAAVA04', NULL, NULL, NULL),
(24, 'FRAAVA06', NULL, NULL, NULL),
(25, 'FRAAVA06', NULL, NULL, NULL),
(26, 'FRAAVA06', NULL, NULL, NULL),
(27, 'FRAAVA06', NULL, NULL, NULL),
(28, 'FRAAVA06', NULL, NULL, NULL),
(29, 'FRAAVA06', NULL, NULL, NULL),
(30, 'FRAAVA06', NULL, NULL, NULL),
(31, 'FRAAVA06', NULL, NULL, NULL),
(32, 'FRAAVA06', NULL, NULL, NULL),
(33, 'FRABAS05', '11', '15', '13'),
(34, 'FRABAS05', '12', '12', '12'),
(35, 'FRABAS05', '12', '8', '10'),
(36, 'FRABAS05', NULL, NULL, NULL),
(37, 'FRABAS05', NULL, NULL, NULL),
(38, 'FRABAS05', NULL, NULL, NULL),
(39, 'FRABAS08', '11', '8', '10'),
(40, 'FRABAS08', '14', '12', '13'),
(41, 'FRABAS08', '15', '14', '15'),
(42, 'FRABAS08', '16', '16', '16'),
(43, 'FRABAS08', NULL, NULL, NULL),
(44, 'FRABAS08', NULL, NULL, NULL),
(45, 'FRABAS08', NULL, NULL, NULL),
(46, 'FRABAS08', NULL, NULL, NULL),
(47, 'FRABAS08', NULL, NULL, NULL),
(48, 'FRABAS08', NULL, NULL, NULL),
(49, 'FRABAS08', NULL, NULL, NULL),
(50, 'FRABAS10', NULL, NULL, NULL),
(51, 'FRABAS10', NULL, NULL, NULL),
(52, 'FRABAS10', NULL, NULL, NULL),
(53, 'FRABAS10', NULL, NULL, NULL),
(54, 'FRABAS10', NULL, NULL, NULL),
(55, 'FRAINT01', NULL, NULL, NULL),
(56, 'FRAINT01', NULL, NULL, NULL),
(57, 'FRAINT03', NULL, NULL, NULL),
(58, 'FRAINT03', '11', '12', '12'),
(59, 'FRAINT03', '14', '18', '16'),
(60, 'FRAINT03', NULL, NULL, NULL),
(61, 'FRAINT04', '11', '11', '11'),
(62, 'FRAINT04', NULL, NULL, NULL),
(63, 'FRAINT04', '10', '12', '11'),
(64, 'INGAVA01', NULL, NULL, NULL),
(65, 'INGAVA01', '16', '17', '17'),
(66, 'INGAVA01', NULL, NULL, NULL),
(67, 'INGAVA06', NULL, NULL, NULL),
(68, 'INGAVA06', NULL, NULL, NULL),
(69, 'INGAVA10', NULL, NULL, NULL),
(70, 'INGAVA10', NULL, NULL, NULL),
(71, 'INGINT02', NULL, NULL, NULL),
(72, 'INGINT02', NULL, NULL, NULL),
(73, 'INGINT08', NULL, NULL, NULL),
(74, 'INGINT02', NULL, NULL, NULL),
(75, 'INGINT08', NULL, NULL, NULL),
(76, 'INGINT08', NULL, NULL, NULL),
(77, 'INGBAS01', NULL, NULL, NULL),
(78, 'INGBAS01', NULL, NULL, NULL),
(79, 'INGBAS01', NULL, NULL, NULL),
(80, 'INGBAS01', NULL, NULL, NULL),
(81, 'INGBAS04', NULL, NULL, NULL),
(82, 'INGBAS02', NULL, NULL, NULL),
(83, 'INGBAS02', NULL, NULL, NULL),
(84, 'INGBAS02', NULL, NULL, NULL),
(85, 'INGBAS02', NULL, NULL, NULL),
(86, 'INGBAS04', NULL, NULL, NULL);

-- --------------------------------------------------------

--
-- Estructura de tabla para la tabla `calle`
--

CREATE TABLE `calle` (
  `COD_CALLE` int(11) NOT NULL,
  `COD_DISTRITO` int(11) NOT NULL,
  `COD_PROVINCIA` int(11) NOT NULL,
  `COD_DEPARTAMENTO` int(11) NOT NULL,
  `NOMBRE` varchar(50) NOT NULL
) ENGINE=InnoDB DEFAULT CHARSET=latin1;

--
-- Volcado de datos para la tabla `calle`
--

INSERT INTO `calle` (`COD_CALLE`, `COD_DISTRITO`, `COD_PROVINCIA`, `COD_DEPARTAMENTO`, `NOMBRE`) VALUES
(1, 1, 1, 1, 'Los Postes'),
(2, 2, 1, 1, 'El Sol'),
(3, 5, 1, 1, 'Miguel Ortiz'),
(4, 3, 1, 1, 'Arriba Peru'),
(5, 4, 1, 1, 'Miguel Muñoz'),
(6, 6, 1, 1, 'Los Ibis'),
(7, 6, 1, 1, 'Calle 54'),
(8, 6, 1, 1, 'Calle 34'),
(9, 1, 1, 1, 'Los Duraznos'),
(10, 1, 1, 1, 'Diamantes'),
(11, 1, 1, 1, 'Los Postes'),
(12, 1, 1, 1, 'Perlas'),
(13, 1, 1, 1, 'Topacios'),
(14, 1, 1, 1, 'Nebulosas'),
(15, 5, 1, 1, 'Giles'),
(16, 5, 1, 1, 'Francisco Cornejo'),
(17, 5, 1, 1, 'Simon Grados'),
(18, 5, 1, 1, 'Helmes'),
(19, 5, 1, 1, 'Los Algarrobos'),
(20, 5, 1, 1, 'Los Gladiolos'),
(21, 5, 1, 1, 'Las Magnolias'),
(22, 5, 1, 1, 'Los Sauces'),
(23, 13, 17, 7, 'Los Jazmines'),
(24, 14, 18, 7, 'Miguel Grau');

-- --------------------------------------------------------

--
-- Estructura de tabla para la tabla `ciclo`
--

CREATE TABLE `ciclo` (
  `COD_CICLO` int(11) NOT NULL,
  `NUMERO_CICLO` int(11) NOT NULL
) ENGINE=InnoDB DEFAULT CHARSET=latin1;

--
-- Volcado de datos para la tabla `ciclo`
--

INSERT INTO `ciclo` (`COD_CICLO`, `NUMERO_CICLO`) VALUES
(5, 1),
(1, 2),
(2, 3),
(3, 4),
(6, 5),
(7, 6),
(8, 7),
(9, 8),
(10, 9),
(4, 10);

-- --------------------------------------------------------

--
-- Estructura de tabla para la tabla `departamento`
--

CREATE TABLE `departamento` (
  `COD_DEPARTAMENTO` int(11) NOT NULL,
  `NOMBRE` varchar(50) NOT NULL
) ENGINE=InnoDB DEFAULT CHARSET=latin1;

--
-- Volcado de datos para la tabla `departamento`
--

INSERT INTO `departamento` (`COD_DEPARTAMENTO`, `NOMBRE`) VALUES
(1, 'Lima'),
(2, 'Callao'),
(3, 'Ica'),
(4, 'Cuzco'),
(5, 'Puno'),
(6, 'Tacna'),
(7, 'Tumbes'),
(8, 'Huancavelica'),
(9, 'Cajamarca'),
(10, 'Apurimac');

-- --------------------------------------------------------

--
-- Estructura de tabla para la tabla `distrito`
--

CREATE TABLE `distrito` (
  `COD_DISTRITO` int(11) NOT NULL,
  `COD_PROVINCIA` int(11) NOT NULL,
  `COD_DEPARTAMENTO` int(11) NOT NULL,
  `NOMBRE` varchar(50) NOT NULL
) ENGINE=InnoDB DEFAULT CHARSET=latin1;

--
-- Volcado de datos para la tabla `distrito`
--

INSERT INTO `distrito` (`COD_DISTRITO`, `COD_PROVINCIA`, `COD_DEPARTAMENTO`, `NOMBRE`) VALUES
(1, 1, 1, 'San Juan de Lurigancho'),
(2, 1, 1, 'San Martin de Porres'),
(3, 1, 1, 'Villa el Salvador'),
(4, 1, 1, 'Surco'),
(5, 1, 1, 'Los Olivos'),
(6, 1, 1, 'San Isidro'),
(7, 11, 2, 'Bellavista'),
(8, 12, 2, 'Punta'),
(9, 19, 9, 'Baños del Inca'),
(10, 20, 9, 'Llacanora'),
(11, 8, 5, 'Capaso'),
(12, 7, 5, 'Condoruri'),
(13, 17, 7, 'La Cruz'),
(14, 18, 7, 'Zarumilla');

-- --------------------------------------------------------

--
-- Estructura de tabla para la tabla `docente`
--

CREATE TABLE `docente` (
  `COD_DOCENTE` int(11) NOT NULL,
  `DNI` int(11) NOT NULL
) ENGINE=InnoDB DEFAULT CHARSET=latin1;

--
-- Volcado de datos para la tabla `docente`
--

INSERT INTO `docente` (`COD_DOCENTE`, `DNI`) VALUES
(4, 32423423),
(1, 74871499),
(3, 75112233),
(5, 75442344),
(2, 75498864);

-- --------------------------------------------------------

--
-- Estructura de tabla para la tabla `materia`
--

CREATE TABLE `materia` (
  `COD_MATERIA` int(11) NOT NULL,
  `NOMBRE` varchar(50) NOT NULL
) ENGINE=InnoDB DEFAULT CHARSET=latin1;

--
-- Volcado de datos para la tabla `materia`
--

INSERT INTO `materia` (`COD_MATERIA`, `NOMBRE`) VALUES
(4, 'Frances'),
(3, 'Ingles'),
(1, 'Portugues'),
(2, 'Quechua');

-- --------------------------------------------------------

--
-- Estructura de tabla para la tabla `matricula`
--

CREATE TABLE `matricula` (
  `COD_MATRICULA` int(11) NOT NULL,
  `COD_ALUMNO` int(11) NOT NULL,
  `NUM_AULA` varchar(5) NOT NULL
) ENGINE=InnoDB DEFAULT CHARSET=latin1;

--
-- Volcado de datos para la tabla `matricula`
--

INSERT INTO `matricula` (`COD_MATRICULA`, `COD_ALUMNO`, `NUM_AULA`) VALUES
(2, 1, '43432'),
(3, 2, '1'),
(4, 3, '1'),
(7, 4, '1'),
(8, 5, '1'),
(9, 6, '234'),
(10, 7, '2'),
(11, 8, '2'),
(12, 9, '3'),
(13, 10, '3'),
(14, 11, '4'),
(15, 12, '4'),
(16, 13, '5'),
(17, 14, '6'),
(18, 15, '6'),
(19, 16, '32'),
(20, 17, '32'),
(21, 18, '32'),
(22, 19, '32'),
(23, 20, '46'),
(24, 21, '46'),
(25, 22, '46'),
(26, 23, '46'),
(27, 24, '25'),
(28, 25, '25'),
(29, 26, '25'),
(30, 27, '34'),
(31, 28, '34'),
(32, 29, '34'),
(33, 30, '64'),
(34, 31, '64'),
(35, 32, '64'),
(36, 33, '456'),
(37, 34, '456'),
(38, 35, '456'),
(39, 36, '54'),
(40, 37, '54'),
(41, 38, '54'),
(42, 39, '328'),
(43, 40, '328'),
(44, 41, '328'),
(45, 42, '328'),
(46, 43, '345'),
(47, 44, '345'),
(48, 45, '345'),
(49, 46, '345'),
(50, 47, '87'),
(51, 48, '87'),
(52, 49, '87'),
(53, 50, '123'),
(54, 51, '123'),
(55, 52, '123'),
(56, 53, '66'),
(57, 54, '67'),
(58, 55, '9'),
(59, 56, '9'),
(60, 57, '1234'),
(61, 58, '44'),
(62, 59, '44'),
(63, 60, '62'),
(64, 61, '49'),
(65, 62, '68'),
(66, 63, '76'),
(67, 64, '60'),
(68, 65, '61'),
(69, 66, '89'),
(70, 67, '73'),
(71, 68, '753'),
(72, 69, '4565'),
(73, 70, '97'),
(74, 71, '2334'),
(75, 72, '453'),
(76, 73, '3244'),
(77, 74, '78'),
(78, 75, '35'),
(79, 76, '36'),
(80, 77, '435'),
(81, 78, '443'),
(82, 79, '75'),
(83, 80, '81'),
(84, 81, '231'),
(85, 82, '235'),
(86, 83, '324'),
(87, 84, '643'),
(88, 85, '646'),
(89, 86, '2356');

-- --------------------------------------------------------

--
-- Estructura de tabla para la tabla `modulo`
--

CREATE TABLE `modulo` (
  `COD_MODULO` char(8) NOT NULL,
  `COD_MATERIA` int(11) NOT NULL,
  `COD_NIVEL` int(11) NOT NULL,
  `COD_CICLO` int(11) NOT NULL
) ENGINE=InnoDB DEFAULT CHARSET=latin1;

--
-- Volcado de datos para la tabla `modulo`
--

INSERT INTO `modulo` (`COD_MODULO`, `COD_MATERIA`, `COD_NIVEL`, `COD_CICLO`) VALUES
('FRAAVA01', 4, 2, 5),
('FRAAVA04', 4, 2, 3),
('FRAAVA06', 4, 2, 7),
('FRABAS05', 4, 3, 6),
('FRABAS08', 4, 3, 9),
('FRABAS10', 4, 3, 4),
('FRAINT01', 4, 1, 5),
('FRAINT03', 4, 1, 2),
('FRAINT04', 4, 1, 3),
('INGAVA01', 3, 2, 5),
('INGAVA06', 3, 2, 7),
('INGAVA10', 3, 2, 4),
('INGBAS01', 3, 3, 5),
('INGBAS02', 3, 3, 1),
('INGBAS04', 3, 3, 3),
('INGINT02', 3, 1, 1),
('INGINT08', 3, 1, 9),
('PORAVA01', 1, 2, 5),
('PORAVA02', 1, 2, 1),
('PORAVA03', 1, 2, 2),
('PORBAS01', 1, 3, 5),
('PORINT02', 1, 1, 1),
('PORINT03', 1, 1, 2),
('PORINT05', 1, 1, 6),
('QUEAVA03', 2, 2, 2),
('QUEAVA05', 2, 2, 6),
('QUEAVA10', 2, 2, 4),
('QUEBAS01', 2, 3, 5),
('QUEBAS03', 2, 3, 2),
('QUEBAS05', 2, 3, 6),
('QUEBAS07', 2, 3, 8),
('QUEINT01', 2, 1, 5),
('QUEINT06', 2, 1, 7),
('QUEINT08', 2, 1, 9);

-- --------------------------------------------------------

--
-- Estructura de tabla para la tabla `nivel`
--

CREATE TABLE `nivel` (
  `COD_NIVEL` int(11) NOT NULL,
  `NOMBRE` varchar(10) NOT NULL
) ENGINE=InnoDB DEFAULT CHARSET=latin1;

--
-- Volcado de datos para la tabla `nivel`
--

INSERT INTO `nivel` (`COD_NIVEL`, `NOMBRE`) VALUES
(2, 'Avanzado'),
(3, 'Basico'),
(1, 'Intermedio');

-- --------------------------------------------------------

--
-- Estructura de tabla para la tabla `persona`
--

CREATE TABLE `persona` (
  `DNI` int(11) NOT NULL,
  `COD_DISTRITO` int(11) NOT NULL,
  `COD_PROVINCIA` int(11) NOT NULL,
  `COD_DEPARTAMENTO` int(11) NOT NULL,
  `COD_CALLE` int(11) DEFAULT NULL,
  `NOMBRE` varchar(50) NOT NULL,
  `APELLIDO_PATERNO` varchar(30) NOT NULL,
  `APELLIDO_MATERNO` varchar(30) NOT NULL,
  `SEXO` varchar(9) NOT NULL,
  `FECHA_NACIMIENTO` date NOT NULL,
  `CORREO` varchar(50) DEFAULT NULL,
  `TELEFONO` varchar(13) DEFAULT NULL,
  `NUMEXT` int(11) NOT NULL,
  `NUMINT` int(11) NOT NULL
) ENGINE=InnoDB DEFAULT CHARSET=latin1;

--
-- Volcado de datos para la tabla `persona`
--

INSERT INTO `persona` (`DNI`, `COD_DISTRITO`, `COD_PROVINCIA`, `COD_DEPARTAMENTO`, `COD_CALLE`, `NOMBRE`, `APELLIDO_PATERNO`, `APELLIDO_MATERNO`, `SEXO`, `FECHA_NACIMIENTO`, `CORREO`, `TELEFONO`, `NUMEXT`, `NUMINT`) VALUES
(32432, 2, 1, 1, 2, 'Pancho', 'Del valle', 'Delgadillo', 'Masculino', '2018-07-14', 'montessegura@gmail.com', '23432423', 3, 32),
(34668, 5, 1, 1, 22, 'Melvin', 'malca', 'montesinos', 'Masculino', '2018-07-19', 'malca@gmail.com', '995007435', 69, 23),
(43534, 2, 1, 1, 2, 'Edgar', 'Suarez', 'Fernandez', 'Masculino', '2018-07-29', 'benavides@gmail.com', '992233113', 3, 5),
(53453, 3, 1, 1, 4, '34534', '3453', '34534', 'Masculino', '2018-07-06', 'malcajeffrey@gmail.com', '995002341', 21, 4),
(234324, 4, 1, 1, 5, 'Pedro', 'sanchez', 'Farman', 'Masculino', '2018-07-02', 'montessegura@gmail.com', '734563456', 15, 3),
(324234, 1, 1, 1, 14, 'Pedro', 'sanchez', 'Martinez', 'Masculino', '2018-07-06', 'sanchezmartinez@gmail.com', '323324', 2, 4),
(324245, 2, 1, 1, 2, 'Giancarlo', 'Huacanca', 'Segura', 'Masculino', '2018-07-03', 'moleroalfonso@gmail.com', '992233113', 21, 3),
(346456, 2, 1, 1, 2, 'diego', 'malca', 'quispe', 'Masculino', '2018-07-03', 'moleroalfonso@gmail.com', '54573433', 4, 46),
(435345, 2, 1, 1, 2, 'Rita', 'Malca', 'Delgadillo', 'Femenino', '2018-06-30', 'moleroalfonso@gmail.com', '992233113', 15, 3),
(445645, 2, 1, 1, 2, 'miguel', 'contreras', 'sanchez', 'Masculino', '2018-07-21', 'rojasedgar@gmail.com', '324324', 23, 3),
(452342, 3, 1, 1, 4, 'Anguello', 'Cardenas', 'Delgadillo', 'Masculino', '2018-07-13', 'montessegura@gmail.com', '324324', 34, 46),
(566964, 1, 1, 1, 12, 'Anguello', 'Eustasio', 'Loaypardo', 'Masculino', '2018-07-03', 'miakhalifa@gmail.com', '35345436', 34, 23),
(644557, 1, 1, 1, 14, 'pedrito', 'hurtado', 'montesinos', 'Masculino', '2018-07-12', 'cardenaslucas@gmai.com', '4354353453', 43, 43),
(2342346, 2, 1, 1, 2, 'miguel', 'contreras', 'quispe', 'Masculino', '2018-07-14', 'benavides@gmail.com', '912345678', 34, 5),
(2343543, 4, 1, 1, 5, 'Edilberto', 'Eustasio', 'manrique', 'Masculino', '2018-07-13', 'miakhalifa@gmail.com', '436542323', 43, 34),
(2353453, 1, 1, 1, 12, 'flor', 'Cardenas', 'Farman', 'Femenino', '2018-08-04', 'moleroalfonso@gmail.com', '734563456', 21, 3),
(2432342, 2, 1, 1, 2, 'Alberto', 'Montesinos', 'Martinez', 'Masculino', '2018-07-14', 'montessegura@gmail.com', '992233113', 3, 2),
(3257568, 2, 1, 1, 2, 'Carlos', 'Cardenas', 'Lucas', 'Masculino', '2018-07-13', 'montessegura@gmail.com', '54573433', 32, 1),
(3423534, 6, 1, 1, 8, 'flor', 'Cardenas', 'Delgadillo', 'Femenino', '2018-07-06', 'suarezmalca@gmail.com', '99334234', 3, 5),
(3445345, 4, 1, 1, 5, 'Alfonso', 'Molero', 'Segura', 'Masculino', '2018-07-19', 'malcajeffrey@gmail.com', '912345678', 21, 12),
(3452334, 2, 1, 1, 2, 'Marco', 'Cardenas', 'Guzman', 'Masculino', '2018-07-20', 'moleroalfonso@gmail.com', '23432423', 3, 4),
(3454362, 1, 1, 1, 13, 'Rita', 'perez', 'Loaypardo', 'Femenino', '2018-07-08', 'malcajeffrey@gmail.com', '734563456', 4, 2),
(4324234, 2, 1, 1, 2, 'Alberto', 'fujimori', 'manrique', 'Masculino', '2018-07-06', 'loaypardomelvin@gmail.com', '992233113', 34, 4),
(4343633, 3, 1, 1, 4, 'Alvaro', 'Portugal', 'valdelomar', 'Masculino', '2018-07-02', 'benavides@gmail.com', '23432423', 34, 5),
(4364645, 2, 1, 1, 2, 'diego', 'Eustasio', 'Vilchez', 'Masculino', '2018-07-19', 'rojasedgar@gmail.com', '734563456', 324, 43),
(4367568, 1, 1, 1, 10, 'Giancarlo', 'hurtado', 'Luque', 'Masculino', '2018-07-11', 'montessegura@gmail.com', '35345436', 123, 1),
(4543645, 2, 1, 1, 2, 'Giancarlo', 'Montes', 'Farman', 'Masculino', '2018-07-11', 'montessegura@gmail.com', '23432423', 3, 2),
(4586797, 1, 1, 1, 12, 'flor', 'hurtado', 'Segura', 'Masculino', '2018-07-13', 'sanchezhernanez@gmail.com', '44755634', 21, 3),
(4588767, 2, 1, 1, 2, 'Jeffrey', 'Montes', 'Delgadillo', 'Masculino', '2018-06-25', 'moleroalfonso@gmail.com', '992233113', 22, 6),
(4645754, 2, 1, 1, 2, 'diego', 'Cardenas', 'Perez', 'Masculino', '2018-07-06', 'montessegura@gmail.com', '23432423', 7, 5),
(4665756, 3, 1, 1, 4, 'Jeffrey', 'guerra', 'Guzman', 'Masculino', '2018-08-21', 'hactahuamancuadros@gmail.com', '54573433', 69, 43),
(4675567, 2, 1, 1, 2, 'julio', 'Llactahuaman', 'cuadros', 'Masculino', '2018-07-02', 'hactahuamancuadros@gmail.com', '436542323', 3, 4),
(5432133, 3, 1, 1, 4, 'Anguello', 'Cardenas', 'Lucas', 'Masculino', '2018-07-13', 'cardenaslucas@gmai.com', '324234', 23, 3),
(7567224, 2, 1, 1, 2, 'Jhoel', 'Salazar', 'Luque', 'Masculino', '2018-08-04', 'loaypardomelvin@gmail.com', '23432423', 324, 234),
(12345463, 5, 1, 1, 21, 'Morty', 'sanchez', 'Hernandez', 'Masculino', '2018-07-03', 'sanchezhernanez@gmail.com', '3254363', 4, 3),
(23432523, 3, 1, 1, 4, 'Melvin', 'Montes', 'Quispe', 'Masculino', '2014-07-16', 'cardenaslucas@gmai.com', '992233113', 32, 6),
(23534454, 3, 1, 1, 4, 'Marco', 'Montesinos', 'Farman', 'Masculino', '2018-07-12', 'malcajeffrey@gmail.com', '912345678', 3, 6),
(23546575, 1, 1, 1, 12, 'Josimar', 'Aranda', 'Benites', 'Masculino', '2018-07-20', 'montessegura@gmail.com', '912345678', 3, 4),
(32423423, 2, 1, 1, 2, 'Jorge', 'Benavides', 'Hernandez', 'Masculino', '2018-07-20', 'benavides@gmail.com', '734563456', 124, 21),
(32443543, 5, 1, 1, 20, 'Carlos', 'Malca', 'Quispe', 'Masculino', '2018-07-03', 'malcaquispe@gmail.com', '44755634', 21, 4),
(34543534, 1, 1, 1, 13, '343452', '32432', '3643', 'Masculino', '2018-07-12', 'loaypardomelvin@gmail.com', '734563456', 4, 23),
(35435345, 3, 1, 1, 4, 'Alfonse', 'Espinoza', 'Benites', 'Masculino', '2018-07-03', 'suarezmalca@gmail.com', '44755634', 32, 6),
(43655686, 1, 1, 1, 12, 'Alfonso', 'contreras', 'montesinos', 'Masculino', '2018-07-04', 'malca@gmail.com', '23432423', 34, 5),
(51514587, 5, 1, 1, 18, 'Piero', 'Risos', 'Dara', 'Masculino', '1992-02-05', 'raraa@gmail.com', '2931291', 15, 27),
(54756867, 1, 1, 1, 14, 'Melvin', 'Eustasio', 'Segura', 'Masculino', '2018-07-19', 'malcaquispe@gmail.com', '912345678', 15, 4),
(65148299, 2, 1, 1, 2, 'Ana', 'Torres', 'Domingo', 'Femenino', '1997-05-05', 'anatorre@gmail.com', '991239123', 16, 42),
(66871499, 2, 1, 1, 2, 'Kevin', 'Montes', 'Segura', 'Masculino', '1995-02-01', 'kevinmontes@gmail.com', '913812323', 12, 18),
(69694545, 5, 1, 1, 21, 'Mid', 'Safe', 'Off', 'Masculino', '1992-12-22', 'midlane@gmail.com', '994454410', 1, 4),
(69871499, 14, 18, 7, 24, 'Renzo', 'Quispe', 'Flores', 'Masculino', '1990-08-01', 'renzoidiomas@gmail.com', '911454893', 45, 13),
(71811748, 5, 1, 1, 20, 'Cesar', 'Olivos', 'Madrid', 'Masculino', '1995-12-09', 'cesarolivos@gmail.com', '984914923', 15, 51),
(71849111, 1, 1, 1, 10, 'Pedrito', 'Azusana', 'Torreza', 'Masculino', '1995-05-04', 'chamaquito@gmail.com', '911454222', 12, 14),
(71849666, 1, 1, 1, 12, 'Jefrey', 'Mira', 'Meza', 'Masculino', '1992-05-11', 'mirameza@gmail.com', '978948952', 122, 11),
(71849748, 3, 1, 1, 4, 'Pedro', 'Azaña', 'Torres', 'Masculino', '1981-05-11', 'pedro@gmail.com', '948748741', 2, 15),
(71889966, 1, 1, 1, 14, 'Edward', 'Risos', 'Pero', 'Masculino', '1992-05-04', 'perito@gmail.com', '998877120', 121, 2),
(74015481, 1, 1, 1, 9, 'Kevin', 'Flores', 'Tarmeño', 'Masculino', '1994-12-12', 'Kevin@gmail.com', '978495412', 12, 16),
(74148488, 3, 1, 1, 4, 'Emilio', 'Meza', 'Mila', 'Masculino', '1992-05-12', 'emilio@gmail.com', '912311111', 12, 51),
(74148877, 3, 1, 1, 4, 'Zoraida', 'Segura', 'Curi', 'Femenino', '1997-12-25', 'zoraida@gmail.com', '916664222', 14, 16),
(74154899, 4, 1, 1, 5, 'Miguel', 'Muñoz', 'Muñoz', 'Masculino', '1994-05-12', 'miguela@gmail.com', '992233444', 14, 16),
(74174122, 4, 1, 1, 5, 'Hector', 'Tito', 'Nieves', 'Masculino', '1993-09-11', 'nievesbellako@gmail.com', '965912912', 14, 162),
(74748888, 2, 1, 1, 2, 'Luis', 'Arenas', 'Galindo', 'Masculino', '1989-12-15', 'arenas@gmail.com', '999111222', 11, 16),
(74841112, 1, 1, 1, 14, 'Emilio', 'Rosas', 'Rosas', 'Masculino', '1995-05-07', 'rosas@gmail.com', '992232111', 12, 31),
(74871499, 2, 1, 1, 2, 'Luis', 'Azaña', 'Flores', 'Masculino', '1966-06-06', 'pedro@gmail.com', '913812912', 12, 15),
(74874444, 1, 1, 1, 9, 'Ana', 'Liza', 'Petra', 'Femenino', '1995-07-12', 'analiza@gmail.com', '913844444', 14, 17),
(74894871, 1, 1, 1, 1, 'Edward', 'Montes', 'Segura', 'Masculino', '1995-10-28', 'montessegura@gmail.com', '934916953', 9, 13),
(75012299, 6, 1, 1, 6, 'Cesar', 'Blanca', 'Curi', 'Masculino', '1992-12-05', 'cesari@gmail.com', '989989991', 14, 17),
(75012699, 5, 1, 1, 20, 'Rosa', 'Mel', 'Trico', 'Masculino', '1992-03-11', 'rosasa@gmail.com', '912315555', 15, 17),
(75018144, 1, 1, 1, 1, 'Kevin', 'Flores', 'Flores', 'Masculino', '1995-07-12', 'floresflores@gmail.com', '934987874', 25, 13),
(75112233, 3, 1, 1, 4, 'Alfonse', 'Molero', 'Farman', 'Masculino', '1995-07-19', 'moleroalfonso@gmail.com', '992233113', 34, 64),
(75442344, 3, 1, 1, 4, 'Mia', 'Khalifa', 'Cordova', 'Femenino', '1990-07-05', 'miakhalifa@gmail.com', '995002345', 69, 69),
(75458264, 1, 1, 1, 1, 'Jeffrey', 'Malca', 'Torres', 'Masculino', '1994-05-14', 'torresmalca@gmail.com', '965487162', 14, 16),
(75498861, 1, 1, 1, 14, 'Jeffrey', 'Malca', 'Quispe', 'Masculino', '1995-10-18', 'malcajeffrey@gmail.com', '995007435', 1, 2),
(75498862, 1, 1, 1, 9, 'carlos', 'guerra', 'chambi', 'Masculino', '2018-07-04', 'guerra@gmail.com', '23432423', 22, 12),
(75498863, 1, 1, 1, 10, 'Jeffrey', 'Malca', 'Quispe', 'Masculino', '1995-10-18', 'malca@gmail.com', '995007435', 15, 15),
(75498864, 6, 1, 1, 7, 'Edgar', 'Espinoza', 'Rojas', 'Masculino', '1992-07-20', 'rojasedgar@gmail.com', '987654321', 123, 123),
(75498869, 3, 1, 1, 4, 'Melvin', 'loaypardo', 'Vilchez', 'Masculino', '2018-07-13', 'loaypardomelvin@gmail.com', '734563456', 5, 3),
(75666899, 2, 1, 1, 2, 'Melvin', 'Melvino', 'Melvinos', 'Masculino', '1989-12-04', 'melvinos@gmail.com', '939132912', 12, 15),
(75754333, 6, 1, 1, 8, 'Lucho', 'Galindo', 'Marquina', 'Masculino', '1992-11-11', 'marquina@gmail.com', '912312111', 121, 15),
(75754988, 6, 1, 1, 7, 'Luis', 'Principe', 'Penadillo', 'Masculino', '1987-04-04', 'luisprincipe@gmail.com', '916847123', 23, 43),
(75818122, 1, 1, 1, 11, 'Kevin', 'Rosas', 'Perez', 'Masculino', '1993-12-16', 'kevinzhito@gmail.com', '919919919', 14, 16),
(75882112, 1, 1, 1, 13, 'Ana', 'Meza', 'Manyari', 'Femenino', '1996-08-16', 'anameza@gmail.com', '991223012', 14, 16),
(75883456, 1, 1, 1, 14, 'Melvin', 'loaypardo', 'Vilchez', 'Masculino', '1995-09-19', 'loaypardomelvin@gmail.com', '995002341', 12, 34),
(76671499, 1, 1, 1, 1, 'Miguel', 'Diaz', 'Rivas', 'Masculino', '2002-11-11', 'rivas@gmail.com', '945878465', 11, 15),
(78489888, 5, 1, 1, 5, 'Melvin', 'Leoypardo', 'Vilchez', 'Masculino', '1995-05-09', 'melvin@gmail.com', '978489965', 14, 1),
(78878988, 4, 1, 1, 5, 'Pedro', 'Suarez', 'Vertiz', 'Masculino', '1992-02-06', 'suarezvertiz@gmail.com', '978945962', 161, 12),
(78918181, 5, 1, 1, 19, 'Arteus', 'Troya', 'Perseo', 'Masculino', '1998-09-21', 'perseofullpel@gmail.com', '934934934', 16, 21),
(79871479, 5, 1, 1, 20, 'Cursillo', 'Mate', 'Algebra', 'Masculino', '1994-05-12', 'mate@gmail.com', '992992112', 12, 16),
(123213213, 2, 1, 1, 2, 'Pepe', 'Molero', 'Loaypardo', 'Masculino', '2018-07-12', 'malcajeffrey@gmail.com', '912345678', 34, 5),
(324234324, 3, 1, 1, 4, 'Gonzalo', 'perez', 'Cordova', 'Masculino', '2018-07-13', 'montessegura@gmail.com', '912345678', 3, 4),
(345345345, 3, 1, 1, 4, 'Jeffrey', 'loaypardo', 'Vilchez', 'Masculino', '1997-01-30', 'montessegura@gmail.com', '912345678', 3, 4),
(346456546, 1, 1, 1, 14, 'Fernando', 'Ruiz', 'sanchez', 'Masculino', '2018-07-04', 'malcajeffrey@gmail.com', '23432423', 4, 6),
(447667867, 1, 1, 1, 11, 'Rita', 'fujimori', 'Vilchez', 'Masculino', '2018-06-25', 'loaypardomelvin@gmail.com', '4354353453', 4, 12),
(457876975, 3, 1, 1, 4, 'Rodney', 'Suarez', 'Malca', 'Masculino', '1978-03-08', 'suarezmalca@gmail.com', '35345436', 3, 5);

-- --------------------------------------------------------

--
-- Estructura de tabla para la tabla `personal`
--

CREATE TABLE `personal` (
  `COD_PERSONAL` int(11) NOT NULL,
  `DNI` int(11) NOT NULL,
  `HORA_INGRESO` time NOT NULL,
  `HORA_SALIDA` time NOT NULL,
  `CARGO` varchar(50) NOT NULL
) ENGINE=InnoDB DEFAULT CHARSET=latin1;

--
-- Volcado de datos para la tabla `personal`
--

INSERT INTO `personal` (`COD_PERSONAL`, `DNI`, `HORA_INGRESO`, `HORA_SALIDA`, `CARGO`) VALUES
(1, 74894871, '08:00:00', '20:00:00', 'Administrador'),
(2, 75498863, '08:00:00', '20:00:00', 'Administrador'),
(3, 75883456, '07:00:00', '18:00:00', 'Administrador'),
(4, 75112233, '06:00:00', '09:00:00', 'Administrador');

-- --------------------------------------------------------

--
-- Estructura de tabla para la tabla `provincia`
--

CREATE TABLE `provincia` (
  `COD_PROVINCIA` int(11) NOT NULL,
  `COD_DEPARTAMENTO` int(11) NOT NULL,
  `NOMBRE` varchar(50) NOT NULL
) ENGINE=InnoDB DEFAULT CHARSET=latin1;

--
-- Volcado de datos para la tabla `provincia`
--

INSERT INTO `provincia` (`COD_PROVINCIA`, `COD_DEPARTAMENTO`, `NOMBRE`) VALUES
(1, 1, 'Lima'),
(2, 1, 'Caral'),
(3, 3, 'Ica'),
(4, 3, 'Chincha'),
(5, 10, 'Andahuaylas'),
(6, 10, 'Grau'),
(7, 5, 'Puno'),
(8, 5, 'El Collao'),
(9, 9, 'Cajamarca'),
(10, 9, 'Chota'),
(11, 2, 'Callao'),
(12, 2, 'Anta'),
(13, 4, 'Urubamba'),
(14, 4, 'Paruru'),
(15, 6, 'Tacna'),
(16, 6, 'Tarata'),
(17, 7, 'Tumbes'),
(18, 7, 'Zarumilla'),
(19, 9, 'Cajamarca'),
(20, 9, 'Jaen');

-- --------------------------------------------------------

--
-- Estructura de tabla para la tabla `usuario`
--

CREATE TABLE `usuario` (
  `COD_USUARIO` int(11) NOT NULL,
  `DNI` int(11) NOT NULL,
  `NOMBRE` varchar(50) NOT NULL,
  `CONTRASEÑA` varchar(50) NOT NULL,
  `FECHA_REGISTRO` date NOT NULL,
  `TIPO` varchar(30) DEFAULT NULL,
  `PRIMER_NOMBRE` varchar(50) DEFAULT '',
  `SEGUNDO_NOMBRE` varchar(50) DEFAULT '',
  `APELLIDO_PATERNO` varchar(50) DEFAULT '',
  `APELLIDO_MATERNO` varchar(50) DEFAULT '',
  `SEXO` varchar(9) DEFAULT '',
  `CORREO` varchar(50) DEFAULT '',
  `TELEFONO` varchar(13) DEFAULT ''
) ENGINE=InnoDB DEFAULT CHARSET=latin1;

--
-- Volcado de datos para la tabla `usuario`
--

INSERT INTO `usuario` (`COD_USUARIO`, `DNI`, `NOMBRE`, `CONTRASEÑA`, `FECHA_REGISTRO`, `TIPO`, `PRIMER_NOMBRE`, `SEGUNDO_NOMBRE`, `APELLIDO_PATERNO`, `APELLIDO_MATERNO`, `SEXO`, `CORREO`, `TELEFONO`) VALUES
(1, 74894871, 'edu', '123', '2018-07-31', 'Personal Administrativo', 'Edward', 'washo', 'Montes', 'Segura', 'Masculino', 'montessegura@gmail.com', '993332345'),
(2, 75498863, 'jeff', '1234', '2018-07-31', 'Personal Administrativo', 'Jeffrey', 'Jesus', 'Malca', 'Quispe', 'Masculino', 'malcajeffrey@gmail.com', '995007435'),
(3, 75883456, 'melvin', '123', '2018-07-31', 'Personal Administrativo', 'Melvin', 'Toño', 'loaypardo', 'Vilchez', 'Masculino', 'loaypardomelvin@gmail.com', '99334234'),
(4, 75112233, 'alfonso', '123', '2018-07-31', 'Personal Administrativo', 'Alfonso', 'Guillermo', 'Molero', 'Farman', 'Masculino', 'moleroalfonso@gmail.com', '992233113'),
(5, 74871499, 'azaña', '123', '2018-08-01', 'Docente', 'Luis', 'Pedro', 'Azaña', 'Flores', 'Masculino', 'azasa@gmail.com', '913812912'),
(6, 2432342, 'alberto', '123', '2018-08-01', 'Alumno', 'Alberto', 'Solano', 'Montesinos', 'Martinez', 'Masculino', 'montessegura@gmail.com', '992233151'),
(7, 75442344, 'mia', '1234', '2018-08-01', 'Docente', 'Mia', 'Kualifa', 'Khalifa', 'Cordova', 'Masculino', 'miakhalifa@gmail.com', '995002345'),
(8, 4343633, 'alvaro', '12345', '2018-08-01', 'Alumno', 'Alvaro', 'Americo', 'Portugal', 'Valdelomar', 'Masculino', 'benavides@gmail.com', '23432423');

--
-- Índices para tablas volcadas
--

--
-- Indices de la tabla `alumno`
--
ALTER TABLE `alumno`
  ADD PRIMARY KEY (`COD_ALUMNO`),
  ADD KEY `FK_ALUMNO_PERSONA` (`DNI`);

--
-- Indices de la tabla `aula`
--
ALTER TABLE `aula`
  ADD PRIMARY KEY (`NUM_AULA`),
  ADD KEY `FK_AULA_DOCENTE` (`COD_DOCENTE`),
  ADD KEY `FK_AULA_MODULO` (`COD_MODULO`);

--
-- Indices de la tabla `calificacion`
--
ALTER TABLE `calificacion`
  ADD KEY `FK_CALIFICACION_ALUMNO` (`COD_ALUMNO`),
  ADD KEY `FK_CALIFICACION_MODULO` (`COD_MODULO`);

--
-- Indices de la tabla `calle`
--
ALTER TABLE `calle`
  ADD PRIMARY KEY (`COD_CALLE`),
  ADD KEY `FK_CALLE_DISTRITO` (`COD_DISTRITO`),
  ADD KEY `FK_CALLE_PROVINCIA` (`COD_PROVINCIA`),
  ADD KEY `FK_CALLE_DEPARTAMENTO` (`COD_DEPARTAMENTO`);

--
-- Indices de la tabla `ciclo`
--
ALTER TABLE `ciclo`
  ADD PRIMARY KEY (`COD_CICLO`),
  ADD UNIQUE KEY `U_CICLO_NOMBRE` (`NUMERO_CICLO`);

--
-- Indices de la tabla `departamento`
--
ALTER TABLE `departamento`
  ADD PRIMARY KEY (`COD_DEPARTAMENTO`);

--
-- Indices de la tabla `distrito`
--
ALTER TABLE `distrito`
  ADD PRIMARY KEY (`COD_DISTRITO`),
  ADD KEY `FK_DISTRITO_PROVINCIA` (`COD_PROVINCIA`),
  ADD KEY `FK_DISTRITO_DEPARTAMENTO` (`COD_DEPARTAMENTO`);

--
-- Indices de la tabla `docente`
--
ALTER TABLE `docente`
  ADD PRIMARY KEY (`COD_DOCENTE`),
  ADD KEY `FK_DOCENTE_PERSONA` (`DNI`);

--
-- Indices de la tabla `materia`
--
ALTER TABLE `materia`
  ADD PRIMARY KEY (`COD_MATERIA`),
  ADD UNIQUE KEY `U_MATERIA_NOMBRE` (`NOMBRE`);

--
-- Indices de la tabla `matricula`
--
ALTER TABLE `matricula`
  ADD PRIMARY KEY (`COD_MATRICULA`),
  ADD KEY `FK_ALUMNO_AULA_ALUMNO` (`COD_ALUMNO`),
  ADD KEY `FK_ALUMNO_AULA_AULA` (`NUM_AULA`);

--
-- Indices de la tabla `modulo`
--
ALTER TABLE `modulo`
  ADD PRIMARY KEY (`COD_MODULO`),
  ADD KEY `FK_MODULO_MATERIA` (`COD_MATERIA`),
  ADD KEY `FK_MODULO_NIVEL` (`COD_NIVEL`),
  ADD KEY `FK_MODULO_CICLO` (`COD_CICLO`);

--
-- Indices de la tabla `nivel`
--
ALTER TABLE `nivel`
  ADD PRIMARY KEY (`COD_NIVEL`),
  ADD UNIQUE KEY `U_NIVEL_NOMBRE` (`NOMBRE`);

--
-- Indices de la tabla `persona`
--
ALTER TABLE `persona`
  ADD PRIMARY KEY (`DNI`),
  ADD KEY `FK_PERSONA_DEPARTAMENTO` (`COD_DEPARTAMENTO`),
  ADD KEY `FK_PERSONA_PROVINCIA` (`COD_PROVINCIA`),
  ADD KEY `FK_PERSONA_DISTRITO` (`COD_DISTRITO`),
  ADD KEY `FK_PERSONA_CALLE` (`COD_CALLE`);

--
-- Indices de la tabla `personal`
--
ALTER TABLE `personal`
  ADD PRIMARY KEY (`COD_PERSONAL`),
  ADD KEY `FK_PERSONAL_PERSONA` (`DNI`);

--
-- Indices de la tabla `provincia`
--
ALTER TABLE `provincia`
  ADD PRIMARY KEY (`COD_PROVINCIA`),
  ADD KEY `FK_PROVINCIA_DEPARTAMENTO` (`COD_DEPARTAMENTO`);

--
-- Indices de la tabla `usuario`
--
ALTER TABLE `usuario`
  ADD PRIMARY KEY (`COD_USUARIO`),
  ADD UNIQUE KEY `U_USUARIO_NOMBRE` (`NOMBRE`),
  ADD KEY `FK_USUARIO_PERSONA` (`DNI`);

--
-- AUTO_INCREMENT de las tablas volcadas
--

--
-- AUTO_INCREMENT de la tabla `alumno`
--
ALTER TABLE `alumno`
  MODIFY `COD_ALUMNO` int(11) NOT NULL AUTO_INCREMENT, AUTO_INCREMENT=87;

--
-- AUTO_INCREMENT de la tabla `calle`
--
ALTER TABLE `calle`
  MODIFY `COD_CALLE` int(11) NOT NULL AUTO_INCREMENT, AUTO_INCREMENT=25;

--
-- AUTO_INCREMENT de la tabla `ciclo`
--
ALTER TABLE `ciclo`
  MODIFY `COD_CICLO` int(11) NOT NULL AUTO_INCREMENT, AUTO_INCREMENT=11;

--
-- AUTO_INCREMENT de la tabla `departamento`
--
ALTER TABLE `departamento`
  MODIFY `COD_DEPARTAMENTO` int(11) NOT NULL AUTO_INCREMENT, AUTO_INCREMENT=11;

--
-- AUTO_INCREMENT de la tabla `distrito`
--
ALTER TABLE `distrito`
  MODIFY `COD_DISTRITO` int(11) NOT NULL AUTO_INCREMENT, AUTO_INCREMENT=15;

--
-- AUTO_INCREMENT de la tabla `docente`
--
ALTER TABLE `docente`
  MODIFY `COD_DOCENTE` int(11) NOT NULL AUTO_INCREMENT, AUTO_INCREMENT=6;

--
-- AUTO_INCREMENT de la tabla `materia`
--
ALTER TABLE `materia`
  MODIFY `COD_MATERIA` int(11) NOT NULL AUTO_INCREMENT, AUTO_INCREMENT=5;

--
-- AUTO_INCREMENT de la tabla `matricula`
--
ALTER TABLE `matricula`
  MODIFY `COD_MATRICULA` int(11) NOT NULL AUTO_INCREMENT, AUTO_INCREMENT=90;

--
-- AUTO_INCREMENT de la tabla `nivel`
--
ALTER TABLE `nivel`
  MODIFY `COD_NIVEL` int(11) NOT NULL AUTO_INCREMENT, AUTO_INCREMENT=4;

--
-- AUTO_INCREMENT de la tabla `personal`
--
ALTER TABLE `personal`
  MODIFY `COD_PERSONAL` int(11) NOT NULL AUTO_INCREMENT, AUTO_INCREMENT=5;

--
-- AUTO_INCREMENT de la tabla `provincia`
--
ALTER TABLE `provincia`
  MODIFY `COD_PROVINCIA` int(11) NOT NULL AUTO_INCREMENT, AUTO_INCREMENT=21;

--
-- AUTO_INCREMENT de la tabla `usuario`
--
ALTER TABLE `usuario`
  MODIFY `COD_USUARIO` int(11) NOT NULL AUTO_INCREMENT, AUTO_INCREMENT=9;

--
-- Restricciones para tablas volcadas
--

--
-- Filtros para la tabla `alumno`
--
ALTER TABLE `alumno`
  ADD CONSTRAINT `FK_ALUMNO_PERSONA` FOREIGN KEY (`DNI`) REFERENCES `persona` (`DNI`) ON DELETE CASCADE ON UPDATE CASCADE;

--
-- Filtros para la tabla `aula`
--
ALTER TABLE `aula`
  ADD CONSTRAINT `FK_AULA_DOCENTE` FOREIGN KEY (`COD_DOCENTE`) REFERENCES `docente` (`COD_DOCENTE`) ON DELETE CASCADE ON UPDATE CASCADE,
  ADD CONSTRAINT `FK_AULA_MODULO` FOREIGN KEY (`COD_MODULO`) REFERENCES `modulo` (`COD_MODULO`) ON DELETE CASCADE ON UPDATE CASCADE;

--
-- Filtros para la tabla `calificacion`
--
ALTER TABLE `calificacion`
  ADD CONSTRAINT `FK_CALIFICACION_ALUMNO` FOREIGN KEY (`COD_ALUMNO`) REFERENCES `alumno` (`COD_ALUMNO`) ON DELETE CASCADE ON UPDATE CASCADE,
  ADD CONSTRAINT `FK_CALIFICACION_MODULO` FOREIGN KEY (`COD_MODULO`) REFERENCES `modulo` (`COD_MODULO`) ON DELETE CASCADE ON UPDATE CASCADE;

--
-- Filtros para la tabla `calle`
--
ALTER TABLE `calle`
  ADD CONSTRAINT `FK_CALLE_DEPARTAMENTO` FOREIGN KEY (`COD_DEPARTAMENTO`) REFERENCES `departamento` (`COD_DEPARTAMENTO`) ON DELETE CASCADE ON UPDATE CASCADE,
  ADD CONSTRAINT `FK_CALLE_DISTRITO` FOREIGN KEY (`COD_DISTRITO`) REFERENCES `distrito` (`COD_DISTRITO`) ON DELETE CASCADE ON UPDATE CASCADE,
  ADD CONSTRAINT `FK_CALLE_PROVINCIA` FOREIGN KEY (`COD_PROVINCIA`) REFERENCES `provincia` (`COD_PROVINCIA`) ON DELETE CASCADE ON UPDATE CASCADE;

--
-- Filtros para la tabla `distrito`
--
ALTER TABLE `distrito`
  ADD CONSTRAINT `FK_DISTRITO_DEPARTAMENTO` FOREIGN KEY (`COD_DEPARTAMENTO`) REFERENCES `departamento` (`COD_DEPARTAMENTO`) ON DELETE CASCADE ON UPDATE CASCADE,
  ADD CONSTRAINT `FK_DISTRITO_PROVINCIA` FOREIGN KEY (`COD_PROVINCIA`) REFERENCES `provincia` (`COD_PROVINCIA`) ON DELETE CASCADE ON UPDATE CASCADE;

--
-- Filtros para la tabla `docente`
--
ALTER TABLE `docente`
  ADD CONSTRAINT `FK_DOCENTE_PERSONA` FOREIGN KEY (`DNI`) REFERENCES `persona` (`DNI`) ON DELETE CASCADE ON UPDATE CASCADE;

--
-- Filtros para la tabla `matricula`
--
ALTER TABLE `matricula`
  ADD CONSTRAINT `FK_ALUMNO_AULA_ALUMNO` FOREIGN KEY (`COD_ALUMNO`) REFERENCES `alumno` (`COD_ALUMNO`) ON DELETE CASCADE ON UPDATE CASCADE,
  ADD CONSTRAINT `FK_ALUMNO_AULA_AULA` FOREIGN KEY (`NUM_AULA`) REFERENCES `aula` (`NUM_AULA`) ON DELETE CASCADE ON UPDATE CASCADE;

--
-- Filtros para la tabla `modulo`
--
ALTER TABLE `modulo`
  ADD CONSTRAINT `FK_MODULO_CICLO` FOREIGN KEY (`COD_CICLO`) REFERENCES `ciclo` (`COD_CICLO`) ON DELETE CASCADE ON UPDATE CASCADE,
  ADD CONSTRAINT `FK_MODULO_MATERIA` FOREIGN KEY (`COD_MATERIA`) REFERENCES `materia` (`COD_MATERIA`) ON DELETE CASCADE ON UPDATE CASCADE,
  ADD CONSTRAINT `FK_MODULO_NIVEL` FOREIGN KEY (`COD_NIVEL`) REFERENCES `nivel` (`COD_NIVEL`) ON DELETE CASCADE ON UPDATE CASCADE;

--
-- Filtros para la tabla `persona`
--
ALTER TABLE `persona`
  ADD CONSTRAINT `FK_PERSONA_CALLE` FOREIGN KEY (`COD_CALLE`) REFERENCES `calle` (`COD_CALLE`) ON DELETE CASCADE ON UPDATE CASCADE,
  ADD CONSTRAINT `FK_PERSONA_DEPARTAMENTO` FOREIGN KEY (`COD_DEPARTAMENTO`) REFERENCES `departamento` (`COD_DEPARTAMENTO`) ON DELETE CASCADE ON UPDATE CASCADE,
  ADD CONSTRAINT `FK_PERSONA_DISTRITO` FOREIGN KEY (`COD_DISTRITO`) REFERENCES `distrito` (`COD_DISTRITO`) ON DELETE CASCADE ON UPDATE CASCADE,
  ADD CONSTRAINT `FK_PERSONA_PROVINCIA` FOREIGN KEY (`COD_PROVINCIA`) REFERENCES `provincia` (`COD_PROVINCIA`) ON DELETE CASCADE ON UPDATE CASCADE;

--
-- Filtros para la tabla `personal`
--
ALTER TABLE `personal`
  ADD CONSTRAINT `FK_PERSONAL_PERSONA` FOREIGN KEY (`DNI`) REFERENCES `persona` (`DNI`) ON DELETE CASCADE ON UPDATE CASCADE;

--
-- Filtros para la tabla `provincia`
--
ALTER TABLE `provincia`
  ADD CONSTRAINT `FK_PROVINCIA_DEPARTAMENTO` FOREIGN KEY (`COD_DEPARTAMENTO`) REFERENCES `departamento` (`COD_DEPARTAMENTO`) ON DELETE CASCADE ON UPDATE CASCADE;

--
-- Filtros para la tabla `usuario`
--
ALTER TABLE `usuario`
  ADD CONSTRAINT `FK_USUARIO_PERSONA` FOREIGN KEY (`DNI`) REFERENCES `persona` (`DNI`) ON DELETE CASCADE ON UPDATE CASCADE;
COMMIT;

/*!40101 SET CHARACTER_SET_CLIENT=@OLD_CHARACTER_SET_CLIENT */;
/*!40101 SET CHARACTER_SET_RESULTS=@OLD_CHARACTER_SET_RESULTS */;
/*!40101 SET COLLATION_CONNECTION=@OLD_COLLATION_CONNECTION */;
